id,registry,is_resolved,iv_version,identification_step,is_dupe,iv_completion,iv_status,iv_interventional,has_german_umc_lead,lead_cities,facility_cities,center_size,main_sponsor,study_type,intervention_type,phase,enrollment,recruitment_status,masking,allocation,is_randomized,is_multicentric,is_prospective,has_summary_results,registration_date,start_date,completion_date,completion_year,primary_completion_date,primary_completion_year,summary_results_date,days_cd_to_summary,days_pcd_to_summary,days_reg_to_start,days_reg_to_cd,days_reg_to_pcd,days_cd_to_publication,days_pcd_to_publication,days_reg_to_publication,doi,pmid,url,publication_date,has_publication,has_pmid,has_pubmed,has_ft_pdf,ft_pdf_doi,ft_pdf_pmid,has_iv_trn_abstract,has_iv_trn_secondary_id,has_iv_trn_ft_pdf,has_reg_pub_link,pmid_link,doi_link,reference_derived,n_crossreg_secondary_id,n_crossreg_abstract,n_crossreg_ft_pdf,n_crossreg_reg,has_doi,color,issn,journal,publisher,date,can_archive,archiving_locations,inst_repository,versions,submitted_version,accepted_version,published_version,licenses_required,permission_issuer,embargo,date_elapsed_embargo,embargo_na_or_elapsed,permission_accepted,permission_published
NCT02110043,ClinicalTrials.gov,True,2,Publ found in Google search (no ID),False,True,True,True,True,Berlin,,large,Other,Interventional,Device,,21,Unknown status,Double,Randomized,True,False,True,False,2014-02-13,2014-03-01,2017-10-01,2017,2017-08-01,2017.0,,,,16,1326,1265.0,947.0,1008.0,2273.0,10.3233/jad-191234,32280093.0,https://pubmed.ncbi.nlm.nih.gov/32280093/,2020-05-05,True,True,True,True,True,False,False,False,True,False,False,False,,0.0,0.0,1.0,0,True,green,"1387-2877,1875-8908",Journal of Alzheimer's Disease,IOS Press,2020-05-05,,,,,,,,,,,,,,
NCT01865604,ClinicalTrials.gov,True,2,Publ found in Google search (no ID),False,True,True,True,True,Berlin,,large,Other,Interventional,Device,,60,Completed,Triple,Randomized,True,False,False,False,2012-12-18,2012-04-01,2014-03-01,2014,2014-03-01,2014.0,,,,-261,438,438.0,314.0,314.0,752.0,10.1212/wnl.0000000000001230,25576632.0,https://pubmed.ncbi.nlm.nih.gov/25576632/,2015-01-09,True,True,True,True,True,False,False,False,False,False,False,False,,0.0,0.0,0.0,0,True,closed,"0028-3878,1526-632X",Neurology,Ovid Technologies (Wolters Kluwer Health),2015-01-09,True,['institutional repository'],True,"['acceptedVersion', 'submittedVersion']",True,True,False,[{'type': 'other-closed'}],publisher,12.0,2016-01-09,True,True,False
NCT01791790,ClinicalTrials.gov,True,2,Registry linked,False,True,True,True,True,Berlin,,large,Other,Interventional,Device,,22,Unknown status,Triple,Randomized,True,False,False,False,2013-02-13,2013-01-01,2017-12-01,2017,2017-12-01,2017.0,,,,-43,1752,1752.0,-582.0,-582.0,1170.0,10.1016/j.brs.2016.04.016,27247261.0,https://pubmed.ncbi.nlm.nih.gov/27247261/,2016-04-28,True,True,True,True,True,False,False,False,False,True,True,True,False,0.0,0.0,0.0,0,True,closed,1935-861X,Brain Stimulation,Elsevier BV,2016-09-01,True,['institutional repository'],True,"['acceptedVersion', 'submittedVersion']",True,True,False,[{'type': 'cc-by-nc-nd'}],journal,12.0,2017-09-01,True,True,False
NCT01219244,ClinicalTrials.gov,True,2,Registry linked,False,True,True,True,True,Berlin,,large,Other,Interventional,Behavioral,Phase 2/Phase 3,330,Completed,Quadruple,Randomized,True,False,False,False,2010-10-12,2010-08-01,2016-12-01,2016,2016-07-01,2016.0,,,,-72,2242,2089.0,-427.0,-274.0,1815.0,10.1016/j.neuroimage.2015.09.050,26433119.0,https://pubmed.ncbi.nlm.nih.gov/26433119/,2015-10-01,True,True,True,True,True,False,False,False,False,True,True,True,False,0.0,0.0,0.0,0,True,closed,1053-8119,NeuroImage,Elsevier BV,2016-05-01,True,['institutional repository'],True,"['acceptedVersion', 'submittedVersion']",True,True,False,[{'type': 'cc-by-nc-nd'}],journal,12.0,2017-05-01,True,True,False
NCT01105143,ClinicalTrials.gov,True,2,Publ found in Google ID search,True,True,True,True,True,Berlin,,large,Other,Interventional,Behavioral,,81,Completed,None (Open Label),Randomized,True,False,True,False,2010-04-14,2012-03-01,2017-05-01,2017,2015-05-01,2015.0,,,,687,2574,1843.0,1157.0,1888.0,3731.0,10.4049/jimmunol.2000108,32482712.0,https://pubmed.ncbi.nlm.nih.gov/32482712/,2020-07-01,True,True,True,True,True,False,False,False,True,False,False,False,,0.0,0.0,0.0,0,True,closed,"0022-1767,1550-6606",The Journal of Immunology,The American Association of Immunologists,2020-06-01,False,,,[],,,,[],journal,,,,False,False
NCT00850629,ClinicalTrials.gov,True,2,Registry linked,True,True,True,True,True,Berlin,,large,Other,Interventional,Behavioral,,286,Completed,None (Open Label),Randomized,True,False,True,False,2009-02-17,2010-01-01,2016-01-01,2016,2015-12-01,2015.0,,,,318,2509,2478.0,161.0,192.0,2670.0,10.1186/s40608-016-0110-8,27298729.0,https://pubmed.ncbi.nlm.nih.gov/27298729/,2016-06-10,True,True,True,True,True,False,True,True,True,True,True,True,True,0.0,0.0,0.0,0,True,hybrid,2052-9538,BMC Obesity,Springer Science and Business Media LLC,2016-06-10,,,,,,,,,,,,,,
NCT00437307,ClinicalTrials.gov,True,2,Publ found in Google search (no ID),True,True,True,True,True,Berlin,,large,Other,Interventional,Drug,Phase 3,550,Completed,None (Open Label),Randomized,True,False,True,False,2007-02-19,2007-03-01,2015-06-01,2015,2013-07-01,2013.0,,,,10,3024,2324.0,147.0,847.0,3171.0,10.1093/annonc/mdw418,27789470.0,https://pubmed.ncbi.nlm.nih.gov/27789470/,2015-10-26,True,True,True,True,True,False,False,False,False,False,False,False,,0.0,0.0,1.0,0,True,bronze,0923-7534,Annals of Oncology,Elsevier BV,2016-12-01,,,,,,,,,,,,,,
NCT02071615,ClinicalTrials.gov,True,2,Publ found in Google search (no ID),False,True,True,True,True,Berlin,,large,Other,Interventional,Drug,,48,Completed,Double,Randomized,True,False,False,False,2014-02-15,2013-08-01,2014-03-01,2014,2014-03-01,2014.0,,,,-198,14,14.0,2453.0,2453.0,2467.0,10.1007/s00213-020-05691-w,33201262.0,https://link.springer.com/article/10.1007/s00213-020-05691-w,2020-11-17,True,True,True,True,True,False,False,False,True,False,False,False,,0.0,0.0,0.0,2,True,hybrid,"0033-3158,1432-2072",Psychopharmacology,Springer Science and Business Media LLC,2020-11-17,,,,,,,,,,,,,,
NCT01984788,ClinicalTrials.gov,True,2,Publ found in Google ID search,False,True,True,True,True,Berlin,,large,Industry,Interventional,Drug,Phase 2,24,Completed,Double,Randomized,True,True,True,False,2013-11-05,2013-11-01,2014-05-01,2014,2014-05-01,2014.0,,,,-4,177,177.0,854.0,854.0,1031.0,,,https://www.jacionline.org/article/s0091-6749(16)30270-6/pdf,2016-09-01,True,False,,,False,False,,,,,,,,,,,0,False,,,,,,,,,,,,,,,,,,,
NCT01963793,ClinicalTrials.gov,True,2,Publ found in Google search (no ID),False,True,True,True,True,Berlin,,large,Industry,Interventional,Drug,Phase 2,20,Completed,Quadruple,Randomized,True,False,True,False,2013-09-18,2013-10-01,2014-07-01,2014,2014-07-01,2014.0,,,,13,286,286.0,1291.0,1291.0,1577.0,10.2340/00015555-2780,28853492.0,https://pubmed.ncbi.nlm.nih.gov/28853492/,2018-01-12,True,True,True,True,True,False,False,False,False,False,False,False,,0.0,0.0,0.0,0,True,gold,0001-5555,Acta Dermato Venereologica,Acta Dermato-Venereologica,2018-01-01,,,,,,,,,,,,,,
NCT01914965,ClinicalTrials.gov,True,2,Publ found in Google search (no ID),False,True,True,True,True,Berlin Ulm Bochum Münster,,large,Other,Interventional,Drug,Phase 2,40,Completed,Triple,Randomized,True,True,False,False,2013-07-31,2012-06-01,2014-05-01,2014,2014-05-01,2014.0,,,,-425,274,274.0,1055.0,1055.0,1329.0,10.1371/journal.pone.0173872,28323838.0,https://www.ncbi.nlm.nih.gov/pmc/articles/pmc5360242/,2017-03-21,True,True,True,True,True,False,False,False,False,False,False,False,,0.0,0.0,1.0,1,True,gold,1932-6203,PLOS ONE,Public Library of Science (PLoS),2017-03-21,,,,,,,,,,,,,,
NCT01845142,ClinicalTrials.gov,True,2,Publ found in Google ID search,True,True,True,True,True,Berlin,,large,Other,Interventional,Drug,Phase 4,40,Completed,Double,Randomized,True,False,False,False,2013-04-24,2013-02-01,2014-04-01,2014,2013-05-01,2013.0,,,,-82,342,7.0,1028.0,1363.0,1370.0,10.1371/journal.pone.0169620,28114352.0,https://www.ncbi.nlm.nih.gov/pmc/articles/pmc5256876/,2017-01-23,True,True,True,True,True,False,False,False,False,False,False,False,,0.0,0.0,0.0,1,True,gold,1932-6203,PLOS ONE,Public Library of Science (PLoS),2017-01-23,,,,,,,,,,,,,,
NCT01600573,ClinicalTrials.gov,True,2,Publ found in Google ID search,False,True,True,True,True,Berlin,,large,Other,Interventional,Drug,Phase 1/Phase 2,68,Unknown status,None (Open Label),,,False,True,False,2012-05-09,2012-05-01,2017-03-01,2017,2017-03-01,2017.0,,,,-8,1757,1757.0,457.0,457.0,2214.0,10.1200/jco.2018.36.15_suppl.e17553,,https://ascopubs.org/doi/abs/10.1200/jco.2018.36.15_suppl.e17553,2018-06-01,True,False,,,False,False,,,,False,,False,,,,,0,True,closed,"0732-183X,1527-7755",Journal of Clinical Oncology,American Society of Clinical Oncology (ASCO),2018-05-20,True,['institutional repository'],True,"['publishedVersion', 'acceptedVersion']",False,True,True,[{'type': 'other-closed'}],publisher,12.0,2019-05-20,True,True,True
NCT01221779,ClinicalTrials.gov,True,2,Publ found in Google search (no ID),False,True,True,True,True,Berlin,,large,Other,Interventional,Behavioral,Phase 2,40,Unknown status,Triple,Randomized,True,False,True,False,2010-10-13,2011-01-01,2014-12-01,2014,2014-08-01,2014.0,,,,80,1510,1388.0,442.0,564.0,1952.0,10.1093/brain/aww002,26912641.0,https://pubmed.ncbi.nlm.nih.gov/26912641/,2016-02-16,True,True,True,True,True,False,False,False,False,False,False,False,,0.0,0.0,0.0,0,True,bronze,"0006-8950,1460-2156",Brain,Oxford University Press (OUP),2016-02-16,,,,,,,,,,,,,,
NCT01049100,ClinicalTrials.gov,True,2,Publ found in Google search (no ID),True,True,True,True,True,Berlin,,large,Other,Interventional,Procedure,,250,Unknown status,None (Open Label),Randomized,True,True,False,False,2010-01-13,2009-04-01,2017-04-01,2017,2013-04-01,2013.0,,,,-287,2635,1174.0,-529.0,932.0,2106.0,10.1016/j.ijrobp.2015.10.027,26853333.0,https://pubmed.ncbi.nlm.nih.gov/26853333/,2015-10-20,True,True,True,True,True,False,False,False,False,False,False,False,,0.0,0.0,0.0,0,True,closed,0360-3016,International Journal of Radiation Oncology*Biology*Physics,Elsevier BV,2016-02-01,True,['institutional repository'],True,"['acceptedVersion', 'submittedVersion']",True,True,False,[{'type': 'cc-by-nc-nd'}],journal,12.0,2017-02-01,True,True,False
NCT01347567,ClinicalTrials.gov,True,2,Publ found in Google search (no ID),False,True,True,True,True,Berlin,,large,Industry,Interventional,Other,,145,Completed,Single,Randomized,True,True,False,False,2011-05-03,2011-04-01,2014-01-01,2014,2013-03-01,2013.0,,,,-32,974,668.0,1464.0,1770.0,2438.0,10.1002/ejhf.1053,29314505.0,https://onlinelibrary.wiley.com/doi/full/10.1002/ejhf.1053,2018-01-04,True,True,True,True,True,False,False,False,False,False,False,False,,0.0,0.0,0.0,0,True,bronze,1388-9842,European Journal of Heart Failure,Wiley,2018-01-04,,,,,,,,,,,,,,
NCT03312816,ClinicalTrials.gov,True,2,Publ found in Google ID search,False,True,True,True,True,Berlin,,large,Industry,Interventional,Other,,60,Completed,Double,Randomized,True,False,True,False,2017-10-12,2017-10-16,2017-12-08,2017,2017-12-08,2017.0,,,,4,57,57.0,661.0,661.0,718.0,10.3390/nu11102319,31575059.0,https://www.ncbi.nlm.nih.gov/pmc/articles/pmc6835335/,2019-09-30,True,True,True,True,True,False,False,False,True,False,False,False,,0.0,0.0,0.0,0,True,gold,2072-6643,Nutrients,MDPI AG,2019-09-30,,,,,,,,,,,,,,
NCT03281616,ClinicalTrials.gov,True,2,Publ found in Google ID search,False,True,True,True,True,Berlin,,large,Other,Interventional,Behavioral,,110,Completed,None (Open Label),Randomized,True,True,False,False,2017-09-11,2014-06-01,2015-09-30,2015,2015-06-30,2015.0,,,,-1198,-712,-804.0,1168.0,1260.0,456.0,10.1038/s41430-018-0371-z,30538299.0,https://www.nature.com/articles/s41430-018-0371-z,2018-12-11,True,True,True,True,True,False,False,False,True,False,False,False,,0.0,0.0,0.0,0,True,closed,"0954-3007,1476-5640",European Journal of Clinical Nutrition,Springer Science and Business Media LLC,2018-12-11,True,['institutional repository'],True,['acceptedVersion'],False,True,False,"[{'type': 'other (non-commercial)', 'terms': 'https://perma.cc/52DS-NZFF'}]",publisher,12.0,2019-12-11,True,True,False
NCT03114306,ClinicalTrials.gov,True,2,Registry linked,False,True,True,True,True,Berlin,,large,Other,Interventional,Procedure,,40,Completed,Double,Randomized,True,False,True,False,2017-03-27,2017-04-05,2017-08-30,2017,2017-08-30,2017.0,,,,9,156,156.0,579.0,579.0,735.0,10.1097/eja.0000000000000929,30562225.0,https://pubmed.ncbi.nlm.nih.gov/30562225/,2019-04-01,True,True,True,True,True,False,True,True,True,True,True,False,True,0.0,0.0,0.0,0,True,closed,0265-0215,European Journal of Anaesthesiology,Ovid Technologies (Wolters Kluwer Health),2019-04-01,True,['institutional repository'],True,"['acceptedVersion', 'submittedVersion']",True,True,False,[{'type': 'other-closed'}],publisher,12.0,2020-04-01,True,True,False
NCT02963298,ClinicalTrials.gov,True,2,Registry linked,False,True,True,True,True,Berlin,,large,Other,Interventional,Procedure,,42,Completed,None (Open Label),Randomized,True,False,True,False,2016-10-11,2016-10-01,2017-09-06,2017,2017-09-06,2017.0,,,,-10,330,330.0,747.0,747.0,1077.0,10.1016/j.resuscitation.2019.09.020,31557520.0,https://pubmed.ncbi.nlm.nih.gov/31557520/,2019-09-23,True,True,True,True,True,False,True,True,True,True,True,True,True,0.0,0.0,0.0,0,True,closed,0300-9572,Resuscitation,Elsevier BV,2019-11-01,True,['institutional repository'],True,"['acceptedVersion', 'submittedVersion']",True,True,False,[{'type': 'cc-by-nc-nd'}],journal,12.0,2020-11-01,True,True,False
NCT02947542,ClinicalTrials.gov,True,2,Publ found in Google ID search,False,True,True,True,True,Berlin,,large,Other,Interventional,Device,,300,Completed,None (Open Label),Randomized,True,False,False,False,2016-10-18,2016-04-01,2016-12-01,2016,2016-11-01,2016.0,,,,-200,44,14.0,627.0,657.0,671.0,10.1016/j.amjcard.2018.07.039,30217374.0,https://www.sciencedirect.com/science/article/abs/pii/s0002914918316230,2018-08-20,True,True,True,True,True,False,False,False,True,False,False,False,,0.0,0.0,0.0,0,True,closed,0002-9149,The American Journal of Cardiology,Elsevier BV,2018-11-01,True,['institutional repository'],True,"['acceptedVersion', 'submittedVersion']",True,True,False,[{'type': 'cc-by-nc-nd'}],journal,12.0,2019-11-01,True,True,False
NCT02930590,ClinicalTrials.gov,True,2,Publ found in Google search (no ID),False,True,True,True,True,Berlin,,large,Other,Interventional,Other,,15,Completed,None (Open Label),Randomized,True,False,True,True,2016-09-26,2016-09-01,2017-03-01,2017,2017-03-01,2017.0,2017-09-14,197.0,197.0,-25,156,156.0,300.0,300.0,456.0,10.1111/iwj.12883,29277963.0,https://onlinelibrary.wiley.com/doi/abs/10.1111/iwj.12883,2017-12-26,True,True,True,True,True,False,False,False,True,False,False,False,,0.0,0.0,0.0,0,True,closed,1742-4801,International Wound Journal,Wiley,2017-12-26,True,['institutional repository'],True,['acceptedVersion'],False,True,False,"[{'type': 'other (non-commercial)', 'terms': 'https://perma.cc/6S5D-XMF4'}]",publisher,,,,,False
NCT02896062,ClinicalTrials.gov,True,2,Registry linked,False,True,True,True,True,Berlin,,large,Other,Interventional,Behavioral,,48,Completed,None (Open Label),Randomized,True,False,False,False,2016-08-31,2014-10-01,2017-11-01,2017,2016-10-01,2016.0,,,,-700,427,31.0,503.0,899.0,930.0,10.5664/jcsm.7666,30853042.0,https://pubmed.ncbi.nlm.nih.gov/30853042/,2019-03-19,True,True,True,True,True,False,True,True,False,True,True,True,True,0.0,0.0,0.0,0,True,green,"1550-9389,1550-9397",Journal of Clinical Sleep Medicine,American Academy of Sleep Medicine (AASM),2019-03-15,,,,,,,,,,,,,,
NCT02893800,ClinicalTrials.gov,True,2,Publ found in Google ID search,False,True,True,True,True,Berlin,,large,Other,Interventional,Device,,40,Completed,None (Open Label),Randomized,True,False,False,False,2016-08-29,2016-06-01,2016-11-01,2016,2016-11-01,2016.0,,,,-89,64,64.0,738.0,738.0,802.0,10.1016/j.trci.2018.10.002,30519629.0,https://www.sciencedirect.com/science/article/pii/s2352873718300635,2018-11-09,True,True,True,True,True,False,False,False,True,False,False,False,,0.0,0.0,0.0,0,True,gold,"2352-8737,2352-8737",Alzheimer's & Dementia: Translational Research & Clinical Interventions,Wiley,2018-01-01,,,,,,,,,,,,,,
NCT02794272,ClinicalTrials.gov,True,2,Publ found in Google search (no ID),False,True,True,True,True,Berlin,,large,Other,Interventional,Device,,24,Completed,Single,Randomized,True,False,True,False,2016-04-05,2016-04-01,2016-08-01,2016,2016-07-01,2016.0,,,,-4,118,87.0,254.0,285.0,372.0,10.1523/jneurosci.0079-17.2017,28314813.0,https://www.ncbi.nlm.nih.gov/pmc/articles/pmc6596583/,2017-04-12,True,True,True,True,True,False,False,False,False,False,False,False,,0.0,0.0,0.0,0,True,green,"0270-6474,1529-2401",The Journal of Neuroscience,Society for Neuroscience,2017-03-17,,,,,,,,,,,,,,
NCT02794259,ClinicalTrials.gov,True,2,Publ found in Google search (no ID),False,True,True,True,True,Berlin,,large,Other,Interventional,Device,,24,Completed,Single,Randomized,True,False,True,False,2016-04-05,2016-04-01,2016-08-01,2016,2016-07-01,2016.0,,,,-4,118,87.0,254.0,285.0,372.0,10.1523/jneurosci.0079-17.2017,28314813.0,https://www.ncbi.nlm.nih.gov/pmc/articles/pmc6596583/,2017-04-12,True,True,True,True,True,False,False,False,False,False,False,False,,0.0,0.0,0.0,0,True,green,"0270-6474,1529-2401",The Journal of Neuroscience,Society for Neuroscience,2017-03-17,,,,,,,,,,,,,,
NCT02755246,ClinicalTrials.gov,True,2,Registry linked,False,True,True,True,True,Berlin,,large,Other,Interventional,Dietary Supplement,Phase 2,30,Completed,Triple,Randomized,True,False,True,False,2016-04-05,2016-04-01,2016-09-01,2016,2016-08-01,2016.0,,,,-4,149,118.0,763.0,794.0,912.0,10.1016/j.cortex.2018.09.014,30388439.0,https://pubmed.ncbi.nlm.nih.gov/30388439/,2018-10-04,True,True,True,True,True,False,True,True,True,True,True,True,False,0.0,0.0,1.0,0,True,closed,0010-9452,Cortex,Elsevier BV,2018-12-01,True,['institutional repository'],True,"['acceptedVersion', 'submittedVersion']",True,True,False,[{'type': 'cc-by-nc-nd'}],journal,12.0,2019-12-01,True,True,False
NCT02741973,ClinicalTrials.gov,True,2,Publ found in Google ID search,False,True,True,True,True,Berlin,,large,Other,Interventional,Other,,102,Completed,None (Open Label),Non-Randomized,False,False,True,False,2016-03-23,2016-03-01,2016-12-01,2016,2016-12-01,2016.0,,,,-22,253,253.0,1077.0,1077.0,1330.0,10.1016/j.ctim.2019.102243,31987242.0,https://www.sciencedirect.com/science/article/pii/s0965229919301530,2019-11-13,True,True,True,True,True,False,False,False,True,False,False,False,,0.0,0.0,0.0,0,True,closed,0965-2299,Complementary Therapies in Medicine,Elsevier BV,2020-01-01,True,['institutional repository'],True,"['acceptedVersion', 'submittedVersion']",True,True,False,[{'type': 'cc-by-nc-nd'}],journal,12.0,2021-01-01,True,True,False
NCT02720952,ClinicalTrials.gov,True,2,Publ found in Google ID search,False,True,True,True,True,Berlin,,large,Industry,Interventional,Drug,Phase 3,24,Completed,None (Open Label),,,False,False,True,2016-03-16,2015-03-01,2016-07-01,2016,2016-07-01,2016.0,2017-02-28,242.0,242.0,-381,107,107.0,411.0,411.0,518.0,10.1111/cen.13447,28815660.0,https://onlinelibrary.wiley.com/doi/full/10.1111/cen.13447,2017-08-16,True,True,True,True,True,False,False,False,True,False,False,False,,0.0,0.0,3.0,0,True,hybrid,0300-0664,Clinical Endocrinology,Wiley,2017-09-07,,,,,,,,,,,,,,
NCT02685696,ClinicalTrials.gov,True,2,Publ found in Google search (no ID),False,True,True,True,True,Berlin,,large,Other,Interventional,Device,,200,Completed,None (Open Label),Randomized,True,True,False,False,2016-02-08,2013-10-01,2016-02-01,2016,2016-02-01,2016.0,,,,-860,-7,-7.0,289.0,289.0,282.0,10.17169/refubium-13320,,https://refubium.fu-berlin.de/handle/fub188/9121,2016-11-16,True,False,,,False,False,,,,False,,False,,,,,0,True,,,,,,,,,,,,,,,,,,,
NCT02664805,ClinicalTrials.gov,True,2,Publ found in Google ID search,False,True,True,True,True,Berlin,,large,Industry,Interventional,Drug,Phase 2,91,Completed,Quadruple,Randomized,True,False,True,False,2016-01-22,2016-02-01,2016-10-01,2016,2016-07-01,2016.0,,,,10,253,161.0,1062.0,1154.0,1315.0,10.1111/bjd.18469,31466119.0,https://onlinelibrary.wiley.com/doi/full/10.1111/bjd.18469,2019-08-29,True,True,True,True,True,False,False,False,True,False,False,False,,0.0,0.0,0.0,1,True,hybrid,"0007-0963,1365-2133",British Journal of Dermatology,Wiley,2019-11-08,,,,,,,,,,,,,,
NCT02658370,ClinicalTrials.gov,True,2,Registry linked,False,True,True,True,True,Berlin,,large,Other,Interventional,Device,,30,Completed,None (Open Label),Non-Randomized,False,True,False,False,2016-01-13,2011-08-01,2014-07-01,2014,2014-07-01,2014.0,,,,-1626,-561,-561.0,779.0,779.0,218.0,10.1186/s12891-016-1208-3,27538847.0,https://pubmed.ncbi.nlm.nih.gov/27538847/,2016-08-18,True,True,True,True,True,False,True,True,False,True,True,True,True,0.0,0.0,0.0,0,True,gold,1471-2474,BMC Musculoskeletal Disorders,Springer Science and Business Media LLC,2016-08-18,,,,,,,,,,,,,,
NCT02569619,ClinicalTrials.gov,True,2,Publ found in Google ID search,False,True,True,True,True,Berlin,,large,Other,Interventional,Behavioral,Phase 2,86,Completed,None (Open Label),Randomized,True,False,False,False,2015-10-02,2014-04-01,2016-03-01,2016,2016-03-01,2016.0,,,,-549,151,151.0,921.0,921.0,1072.0,10.1007/s00406-018-0941-z,30194668.0,https://link.springer.com/article/10.1007/s00406-018-0941-z,2018-09-08,True,True,True,True,True,False,False,False,True,False,False,False,,0.0,0.0,0.0,0,True,closed,"0940-1334,1433-8491",European Archives of Psychiatry and Clinical Neuroscience,Springer Science and Business Media LLC,2018-09-08,True,['institutional repository'],True,['acceptedVersion'],False,True,False,"[{'type': 'other (non-commercial)', 'terms': 'https://perma.cc/52DS-NZFF'}]",publisher,12.0,2019-09-08,True,True,False
NCT02566369,ClinicalTrials.gov,True,2,Publ found in Google search (no ID),False,True,True,True,True,Berlin,,large,Industry,Interventional,Drug,Phase 3,1208,Completed,Quadruple,Randomized,True,True,True,True,2015-10-01,2015-11-30,2017-11-14,2017,2017-11-14,2017.0,2019-04-18,520.0,520.0,60,775,775.0,465.0,465.0,1240.0,10.1016/j.jaad.2019.02.044,30802558.0,https://pubmed.ncbi.nlm.nih.gov/30802558/,2019-02-22,True,True,True,True,True,False,False,False,True,False,False,False,,0.0,0.0,3.0,0,True,hybrid,0190-9622,Journal of the American Academy of Dermatology,Elsevier BV,2019-06-01,,,,,,,,,,,,,,
NCT02557698,ClinicalTrials.gov,True,2,Registry linked,False,True,True,True,True,Berlin,,large,Other,Interventional,Other,,60,Completed,None (Open Label),Randomized,True,False,False,True,2015-09-21,2014-11-01,2015-09-01,2015,2015-04-01,2015.0,2017-01-18,505.0,658.0,-324,-20,-173.0,421.0,574.0,401.0,10.1016/j.ijnurstu.2016.10.010,27815985.0,https://pubmed.ncbi.nlm.nih.gov/27815985/,2016-10-26,True,True,True,True,True,False,True,True,True,True,True,True,True,0.0,0.0,0.0,0,True,closed,0020-7489,International Journal of Nursing Studies,Elsevier BV,2017-01-01,True,['institutional repository'],True,"['acceptedVersion', 'submittedVersion']",True,True,False,[{'type': 'cc-by-nc-nd'}],journal,12.0,2018-01-01,True,True,False
NCT02552654,ClinicalTrials.gov,True,2,Publ found in Google search (no ID),False,True,True,True,True,Berlin,,large,Other,Interventional,Behavioral,,60,Completed,Double,Randomized,True,True,True,False,2015-09-16,2015-09-01,2016-01-01,2016,2015-11-01,2015.0,,,,-15,107,46.0,225.0,286.0,332.0,10.1016/j.jpsychires.2016.08.005,27569651.0,https://pubmed.ncbi.nlm.nih.gov/27569651/,2016-08-13,True,True,True,True,True,False,False,False,False,False,False,False,,0.0,0.0,0.0,0,True,closed,0022-3956,Journal of Psychiatric Research,Elsevier BV,2016-12-01,True,['institutional repository'],True,"['acceptedVersion', 'submittedVersion']",True,True,False,[{'type': 'cc-by-nc-nd'}],journal,12.0,2017-12-01,True,True,False
NCT02541071,ClinicalTrials.gov,True,2,Publ found in Google search (no ID),False,True,True,True,True,Berlin,,large,Other,Interventional,Behavioral,,118,Completed,Double,Randomized,True,False,False,False,2015-08-06,2013-11-01,2014-10-01,2014,2014-10-01,2014.0,,,,-643,-309,-309.0,631.0,631.0,322.0,10.1017/s0033291716001379,27335220.0,https://www.cambridge.org/core/journals/psychological-medicine/article/influence-of-the-noradrenergic-system-on-the-formation-of-intrusive-memories-in-women-an-experimental-approach-with-a-trauma-film-paradigm/1116b707f29736d26005865acaa9ff27,2016-06-23,True,True,True,True,True,False,False,False,False,False,False,False,,0.0,0.0,0.0,0,True,green,"0033-2917,1469-8978",Psychological Medicine,Cambridge University Press (CUP),2016-06-23,,,,,,,,,,,,,,
NCT02453906,ClinicalTrials.gov,True,2,Registry linked,False,True,True,True,True,Berlin,,large,Other,Interventional,Other,,29,Completed,Single,Randomized,True,False,True,False,2015-04-29,2015-05-01,2015-09-01,2015,2015-09-01,2015.0,,,,2,125,125.0,1287.0,1287.0,1412.0,10.3389/fnins.2019.00147,30914909.0,https://pubmed.ncbi.nlm.nih.gov/30914909/,2019-03-11,True,True,True,True,True,False,True,True,True,True,True,True,True,0.0,0.0,0.0,0,True,gold,1662-453X,Frontiers in Neuroscience,Frontiers Media SA,2019-03-11,,,,,,,,,,,,,,
NCT02371434,ClinicalTrials.gov,True,2,Registry linked,False,True,True,True,True,Berlin,,large,Other,Interventional,Biological,Phase 1/Phase 2,17,Completed,None (Open Label),,,False,True,False,2015-02-18,2015-02-01,2017-11-01,2017,2017-11-01,2017.0,,,,-17,987,987.0,934.0,934.0,1921.0,10.1016/s0140-6736(20)30167-7,32446407.0,https://www.thelancet.com/journals/lancet/article/piis0140-6736(20)30167-7/fulltext,2020-05-23,True,True,True,True,True,False,True,True,True,True,True,False,True,5.0,5.0,8.0,0,True,green,0140-6736,The Lancet,Elsevier BV,2020-05-01,,,,,,,,,,,,,,
NCT02364219,ClinicalTrials.gov,True,2,Registry linked,False,True,True,True,True,Berlin,,large,Other,Interventional,Other,,48,Unknown status,None (Open Label),Randomized,True,False,True,False,2015-01-20,2015-02-01,2016-05-01,2016,2016-02-01,2016.0,,,,12,467,377.0,1208.0,1298.0,1675.0,10.1186/s12871-019-0828-1,31438849.0,https://pubmed.ncbi.nlm.nih.gov/31438849/,2019-08-22,True,True,True,True,True,False,True,True,True,True,True,True,True,0.0,0.0,0.0,0,True,gold,1471-2253,BMC Anesthesiology,Springer Science and Business Media LLC,2019-08-22,,,,,,,,,,,,,,
NCT02340299,ClinicalTrials.gov,True,2,Registry linked,False,True,True,True,True,Berlin,,large,Other,Interventional,Device,,6,Terminated,None (Open Label),Randomized,True,False,True,True,2015-01-10,2015-01-01,2017-12-31,2017,2017-12-31,2017.0,2019-05-06,491.0,491.0,-9,1086,1086.0,480.0,480.0,1566.0,10.1186/s13104-019-4268-2,31023363.0,https://pubmed.ncbi.nlm.nih.gov/31023363/,2019-04-25,True,True,True,True,True,False,True,True,False,True,True,True,True,0.0,0.0,0.0,0,True,gold,1756-0500,BMC Research Notes,Springer Science and Business Media LLC,2019-04-25,,,,,,,,,,,,,,
NCT02338388,ClinicalTrials.gov,True,2,Registry linked,False,True,True,True,True,Berlin,,large,Other,Interventional,Procedure,,435,Completed,Single,Randomized,True,True,False,False,2015-01-12,2012-01-01,2014-08-01,2014,2014-04-01,2014.0,,,,-1107,-164,-286.0,1147.0,1269.0,983.0,10.1111/aogs.13213,28832909.0,https://pubmed.ncbi.nlm.nih.gov/28832909/,2017-09-21,True,True,True,True,True,False,True,True,True,True,True,True,True,0.0,0.0,0.0,0,True,bronze,0001-6349,Acta Obstetricia et Gynecologica Scandinavica,Wiley,2017-09-21,,,,,,,,,,,,,,
NCT02299089,ClinicalTrials.gov,True,2,Registry linked,False,True,True,True,True,Berlin,,large,Industry,Interventional,Drug,Phase 2,12,Completed,None (Open Label),Randomized,True,True,True,True,2014-11-17,2015-01-01,2016-06-01,2016,2016-05-01,2016.0,2017-02-01,245.0,276.0,45,562,531.0,920.0,951.0,1482.0,10.1007/s00280-018-3734-1,30535537.0,https://pubmed.ncbi.nlm.nih.gov/30535537/,2018-12-08,True,True,True,True,True,False,True,True,True,True,True,True,True,0.0,0.0,0.0,0,True,closed,"0344-5704,1432-0843",Cancer Chemotherapy and Pharmacology,Springer Science and Business Media LLC,2018-12-08,True,['institutional repository'],True,['acceptedVersion'],False,True,False,"[{'type': 'other (non-commercial)', 'terms': 'https://perma.cc/52DS-NZFF'}]",publisher,12.0,2019-12-08,True,True,False
NCT02296372,ClinicalTrials.gov,True,2,Registry linked,False,True,True,True,True,Berlin,,large,Other,Interventional,Device,,20,Completed,None (Open Label),Non-Randomized,False,False,True,False,2014-11-04,2014-11-01,2016-06-01,2016,2016-04-01,2016.0,,,,-3,575,514.0,50.0,111.0,625.0,10.1186/s13613-016-0167-z,27439710.0,https://pubmed.ncbi.nlm.nih.gov/27439710/,2016-07-21,True,True,True,True,True,False,True,True,True,True,True,True,False,0.0,0.0,0.0,0,True,gold,2110-5820,Annals of Intensive Care,Springer Science and Business Media LLC,2016-07-21,,,,,,,,,,,,,,
NCT02253056,ClinicalTrials.gov,True,2,Publ found in Google ID search,False,True,True,True,True,Berlin,,large,Other,Interventional,Other,,36,Completed,None (Open Label),Non-Randomized,False,False,True,False,2014-09-19,2014-09-01,2015-03-01,2015,2015-03-01,2015.0,,,,-18,163,163.0,895.0,895.0,1058.0,10.1016/j.nut.2017.08.004,29031771.0,https://www.sciencedirect.com/science/article/abs/pii/s0899900717301715?via%3dihub,2017-08-12,True,True,True,True,True,False,False,False,False,False,False,False,,0.0,0.0,0.0,0,True,closed,0899-9007,Nutrition,Elsevier BV,2018-02-01,True,['institutional repository'],True,"['acceptedVersion', 'submittedVersion']",True,True,False,[{'type': 'cc-by-nc-nd'}],journal,12.0,2019-02-01,True,True,False
NCT02251535,ClinicalTrials.gov,True,2,Publ found in Google search (no ID),False,True,True,True,True,Berlin,,large,Other,Interventional,Device,,30,Unknown status,None (Open Label),Non-Randomized,False,False,False,False,2014-09-23,2014-07-01,2015-09-01,2015,2015-04-01,2015.0,,,,-84,343,190.0,665.0,818.0,1008.0,10.1007/s00167-017-4622-7,28656456.0,https://link.springer.com/article/10.1007/s00167-017-4622-7#additional-information,2017-06-27,True,True,True,True,True,False,False,False,True,False,False,False,,0.0,0.0,0.0,0,True,closed,"0942-2056,1433-7347","Knee Surgery, Sports Traumatology, Arthroscopy",Springer Science and Business Media LLC,2017-06-27,True,['institutional repository'],True,['acceptedVersion'],False,True,False,"[{'type': 'other (non-commercial)', 'terms': 'https://perma.cc/52DS-NZFF'}]",publisher,12.0,2018-06-27,True,True,False
NCT02223091,ClinicalTrials.gov,True,2,Registry linked,False,True,True,True,True,Berlin,,large,Other,Interventional,Behavioral,,137,Completed,Single,Randomized,True,True,True,False,2014-07-02,2014-09-01,2015-03-01,2015,2015-02-01,2015.0,,,,61,242,214.0,614.0,642.0,856.0,10.1186/s12885-016-2884-y,27809814.0,https://pubmed.ncbi.nlm.nih.gov/27809814/,2016-11-04,True,True,True,True,True,False,True,True,True,True,True,False,True,0.0,0.0,0.0,0,True,gold,1471-2407,BMC Cancer,Springer Science and Business Media LLC,2016-11-04,,,,,,,,,,,,,,
NCT02216526,ClinicalTrials.gov,True,2,Registry linked,False,True,True,True,True,Berlin,,large,Other,Interventional,Other,,133,Completed,Single,Randomized,True,False,True,True,2014-08-11,2014-09-01,2015-04-01,2015,2015-04-01,2015.0,2017-04-27,757.0,757.0,21,233,233.0,678.0,678.0,911.0,10.1016/j.ijnurstu.2017.02.006,28214613.0,https://pubmed.ncbi.nlm.nih.gov/28214613/,2017-02-07,True,True,True,True,True,False,True,True,True,True,True,True,True,0.0,0.0,0.0,0,True,closed,0020-7489,International Journal of Nursing Studies,Elsevier BV,2017-05-01,True,['institutional repository'],True,"['acceptedVersion', 'submittedVersion']",True,True,False,[{'type': 'cc-by-nc-nd'}],journal,12.0,2018-05-01,True,True,False
NCT02213367,ClinicalTrials.gov,True,2,Publ found in Google search (no ID),False,True,True,True,True,Berlin,,large,Other,Interventional,Drug,Phase 3,30,Completed,None (Open Label),Randomized,True,False,False,False,2014-08-08,2014-07-01,2016-03-01,2016,2016-03-01,2016.0,,,,-38,571,571.0,826.0,826.0,1397.0,10.1111/all.13494,29869790.0,https://onlinelibrary.wiley.com/doi/epdf/10.1111/all.13494,2018-06-05,True,True,True,True,True,False,False,False,False,False,False,False,,0.0,0.0,0.0,0,True,closed,0105-4538,Allergy,Wiley,2018-07-17,True,['institutional repository'],True,['acceptedVersion'],False,True,False,"[{'type': 'other (non-commercial)', 'terms': 'https://perma.cc/6S5D-XMF4'}]",journal,12.0,2019-07-17,True,True,False
NCT02169115,ClinicalTrials.gov,True,2,Registry linked,False,True,True,True,True,Berlin,,large,Other,Interventional,Drug,Phase 2,61,Completed,Double,Randomized,True,True,False,True,2014-06-12,2012-12-01,2014-12-01,2014,2014-12-01,2014.0,2015-10-28,331.0,331.0,-558,172,172.0,855.0,855.0,1027.0,10.1016/j.jaci.2017.01.042,28389391.0,https://pubmed.ncbi.nlm.nih.gov/28389391/,2017-04-04,True,True,True,True,True,False,False,True,True,True,True,True,True,1.0,0.0,1.0,1,True,bronze,0091-6749,Journal of Allergy and Clinical Immunology,Elsevier BV,2017-09-01,,,,,,,,,,,,,,
NCT02110407,ClinicalTrials.gov,True,2,Publ found in Google search (no ID),False,True,True,True,True,Berlin,,large,Other,Interventional,Device,,24,Completed,Double,Randomized,True,False,True,False,2014-02-13,2014-03-01,2017-05-01,2017,2017-01-01,2017.0,,,,16,1173,1053.0,-222.0,-102.0,951.0,10.1038/npp.2016.170,27555381.0,https://www.ncbi.nlm.nih.gov/pmc/articles/pmc5399237/,2016-09-21,True,True,True,True,True,False,False,False,False,False,False,False,,0.0,0.0,1.0,0,True,green,"0893-133X,1740-634X",Neuropsychopharmacology,Springer Science and Business Media LLC,2016-08-24,,,,,,,,,,,,,,
NCT02110056,ClinicalTrials.gov,True,2,Registry linked,False,True,True,True,True,Berlin,,large,Other,Interventional,Device,,32,Completed,Double,Randomized,True,False,True,False,2014-02-13,2014-03-01,2015-11-01,2015,2015-11-01,2015.0,,,,16,626,626.0,142.0,142.0,768.0,10.3389/fnagi.2016.00061,27047376.0,https://pubmed.ncbi.nlm.nih.gov/27047376/,2016-03-22,True,True,True,True,True,False,False,False,False,True,True,True,False,0.0,0.0,0.0,0,True,gold,1663-4365,Frontiers in Aging Neuroscience,Frontiers Media SA,2016-03-22,,,,,,,,,,,,,,
NCT02092974,ClinicalTrials.gov,True,2,Registry linked,False,True,True,True,True,Berlin,,large,Other,Interventional,Procedure,Phase 1,40,Completed,Triple,Randomized,True,False,True,False,2014-03-19,2014-04-01,2014-12-01,2014,2014-12-01,2014.0,,,,13,257,257.0,632.0,632.0,889.0,10.1038/npp.2016.170,27555381.0,https://pubmed.ncbi.nlm.nih.gov/27555381/,2016-08-24,True,True,True,True,True,False,False,False,True,True,True,True,False,0.0,0.0,1.0,0,True,green,"0893-133X,1740-634X",Neuropsychopharmacology,Springer Science and Business Media LLC,2016-08-24,,,,,,,,,,,,,,
NCT02090686,ClinicalTrials.gov,True,2,Registry linked,False,True,True,True,True,Berlin,,large,Other,Interventional,Device,,110,Completed,Single,Randomized,True,False,True,False,2014-03-17,2014-03-01,2015-02-28,2015,2014-10-01,2014.0,,,,-16,348,198.0,1129.0,1279.0,1477.0,10.1186/s12906-018-2187-8,29609566.0,https://pubmed.ncbi.nlm.nih.gov/29609566/,2018-04-02,True,True,True,True,True,False,True,True,False,True,True,True,True,0.0,0.0,0.0,0,True,gold,1472-6882,BMC Complementary and Alternative Medicine,Springer Science and Business Media LLC,2018-04-02,,,,,,,,,,,,,,
NCT02052960,ClinicalTrials.gov,True,2,Publ found in Google ID search,False,True,True,True,True,Berlin,,large,Industry,Interventional,Drug,Phase 2,240,Completed,None (Open Label),Randomized,True,True,True,False,2014-01-27,2014-02-01,2017-10-04,2017,2017-08-28,2017.0,,,,5,1346,1309.0,145.0,182.0,1491.0,10.1200/jco.2018.36.5_suppl.61,,https://ascopubs.org/doi/abs/10.1200/jco.2018.36.5_suppl.61,2018-02-26,True,False,,,False,False,,,,False,,False,,,,,1,True,closed,"0732-183X,1527-7755",Journal of Clinical Oncology,American Society of Clinical Oncology (ASCO),2018-02-10,True,['institutional repository'],True,"['publishedVersion', 'acceptedVersion']",False,True,True,[{'type': 'other-closed'}],publisher,12.0,2019-02-10,True,True,True
NCT01966783,ClinicalTrials.gov,True,2,Publ found in Google ID search,False,True,True,True,True,Berlin,,large,Industry,Interventional,Drug,Phase 2,320,Completed,Quadruple,Randomized,True,True,False,False,2013-10-09,2013-09-01,2015-08-01,2015,2015-08-01,2015.0,,,,-38,661,661.0,997.0,997.0,1658.0,10.1016/j.cgh.2018.04.027,29702300.0,https://pubmed.ncbi.nlm.nih.gov/29702300/,2018-04-24,True,True,True,True,True,False,False,False,False,True,True,True,False,1.0,1.0,1.0,1,True,hybrid,1542-3565,Clinical Gastroenterology and Hepatology,Elsevier BV,2019-01-01,,,,,,,,,,,,,,
NCT01954836,ClinicalTrials.gov,True,2,Registry linked,False,True,True,True,True,Berlin,,large,Other,Interventional,Behavioral,,50,Completed,Single,Randomized,True,True,True,False,2013-09-29,2013-10-01,2015-03-01,2015,2015-03-01,2015.0,,,,2,518,518.0,1153.0,1153.0,1671.0,10.1186/s12885-018-4353-2,29699509.0,https://pubmed.ncbi.nlm.nih.gov/29699509/,2018-04-27,True,True,True,True,True,False,True,True,False,True,True,True,True,0.0,0.0,0.0,0,True,gold,1471-2407,BMC Cancer,Springer Science and Business Media LLC,2018-04-27,,,,,,,,,,,,,,
NCT01953549,ClinicalTrials.gov,True,2,Registry linked,False,True,True,True,True,Berlin,,large,Other,Interventional,Procedure,Phase 3,200,Completed,Single,Randomized,True,True,True,False,2013-06-28,2013-10-01,2017-11-01,2017,2017-07-06,2017.0,,,,95,1587,1469.0,686.0,804.0,2273.0,10.1136/bmj.l5101,31533934.0,https://pubmed.ncbi.nlm.nih.gov/31533934/,2019-09-18,True,True,True,True,True,False,True,True,False,True,True,True,True,0.0,0.0,0.0,0,True,hybrid,"0959-8138,1756-1833",BMJ,BMJ,2019-09-18,,,,,,,,,,,,,,
NCT01928823,ClinicalTrials.gov,True,2,Publ found in Google ID search,False,True,True,True,True,Berlin,,large,Other,Interventional,Behavioral,Phase 2,73,Completed,Quadruple,Randomized,True,False,False,False,2013-07-26,2011-11-01,2014-05-01,2014,2014-05-01,2014.0,,,,-633,279,279.0,1826.0,1826.0,2105.0,10.1016/j.janxdis.2019.03.001,30875662.0,https://www.sciencedirect.com/science/article/abs/pii/s0887618518303542,2019-05-01,True,True,True,True,True,False,False,False,True,False,False,False,,0.0,0.0,1.0,0,True,closed,0887-6185,Journal of Anxiety Disorders,Elsevier BV,2019-05-01,True,['institutional repository'],True,"['acceptedVersion', 'submittedVersion']",True,True,False,[{'type': 'cc-by-nc-nd'}],journal,24.0,2021-05-01,True,True,False
NCT01928810,ClinicalTrials.gov,True,2,Publ found in Google ID search,False,True,True,True,True,Berlin,,large,Other,Interventional,Behavioral,,78,Completed,Double,Randomized,True,True,False,False,2013-07-26,2011-03-01,2014-02-01,2014,2014-02-01,2014.0,,,,-878,190,190.0,1581.0,1581.0,1771.0,10.1016/j.jpsychires.2018.03.001,29539585.0,https://www.sciencedirect.com/science/article/abs/pii/s0022395617313560,2018-06-01,True,True,True,True,True,False,False,False,True,False,False,False,,0.0,0.0,0.0,0,True,closed,0022-3956,Journal of Psychiatric Research,Elsevier BV,2018-06-01,True,['institutional repository'],True,"['acceptedVersion', 'submittedVersion']",True,True,False,[{'type': 'cc-by-nc-nd'}],journal,12.0,2019-06-01,True,True,False
NCT01924702,ClinicalTrials.gov,True,2,Publ found in Google ID search,False,True,True,True,True,Berlin,,large,Other,Interventional,Behavioral,Phase 2,24,Unknown status,Triple,Randomized,True,False,False,False,2013-08-14,2011-01-01,2015-12-01,2015,2015-12-01,2015.0,,,,-956,839,839.0,77.0,77.0,916.0,10.1093/brain/aww002,26912641.0,https://academic.oup.com/brain/article/139/4/1152/2464226,2016-02-16,True,True,True,True,True,False,False,False,True,False,False,False,,0.0,0.0,0.0,0,True,bronze,"0006-8950,1460-2156",Brain,Oxford University Press (OUP),2016-02-16,,,,,,,,,,,,,,
NCT01923493,ClinicalTrials.gov,True,2,Publ found in Google ID search,False,True,True,True,True,Berlin,,large,Other,Interventional,Other,,92,Completed,None (Open Label),Randomized,True,False,True,False,2013-08-13,2013-08-01,2014-06-01,2014,2014-04-01,2014.0,,,,-12,292,231.0,1369.0,1430.0,1661.0,10.1089/acm.2017.0209,29072931.0,https://www.liebertpub.com/doi/abs/10.1089/acm.2017.0209,2018-03-01,True,True,True,True,True,False,False,False,True,False,False,False,,0.0,0.0,0.0,0,True,closed,"1075-5535,1557-7708",The Journal of Alternative and Complementary Medicine,Mary Ann Liebert Inc,2018-03-01,True,['institutional repository'],True,"['acceptedVersion', 'submittedVersion']",True,True,False,[{'type': 'other-closed'}],publisher,12.0,2019-03-01,True,True,False
NCT01845129,ClinicalTrials.gov,True,2,Publ found in Google ID search,False,True,True,True,True,Berlin,,large,Other,Interventional,Device,,16,Unknown status,Triple,Randomized,True,False,True,False,2013-04-30,2013-04-01,2014-04-01,2014,2014-04-01,2014.0,,,,-29,336,336.0,955.0,955.0,1291.0,10.1002/hbm.23469,27859982.0,https://www.ncbi.nlm.nih.gov/pmc/articles/pmc6866985/,2016-11-11,True,True,True,True,True,False,False,False,True,False,False,False,,0.0,0.0,0.0,0,True,green,"1065-9471,1097-0193",Human Brain Mapping,Wiley,2016-11-11,,,,,,,,,,,,,,
NCT01840839,ClinicalTrials.gov,True,2,Registry linked,False,True,True,True,True,Berlin,,large,Other,Interventional,Device,,18,Completed,Triple,Randomized,True,False,True,False,2013-04-18,2013-10-01,2015-08-01,2015,2015-05-01,2015.0,,,,166,835,743.0,336.0,428.0,1171.0,10.1016/j.neuroimage.2016.06.057,27381076.0,https://pubmed.ncbi.nlm.nih.gov/27381076/,2016-07-02,True,True,True,True,True,False,False,False,False,True,True,True,False,0.0,0.0,0.0,0,True,closed,1053-8119,NeuroImage,Elsevier BV,2016-11-01,True,['institutional repository'],True,"['acceptedVersion', 'submittedVersion']",True,True,False,[{'type': 'cc-by-nc-nd'}],journal,12.0,2017-11-01,True,True,False
NCT01811589,ClinicalTrials.gov,True,2,Registry linked,False,True,True,True,True,Berlin,,large,Industry,Interventional,Device,,144,Completed,Single,Randomized,True,True,True,False,2013-03-13,2013-05-01,2015-01-01,2015,2015-01-01,2015.0,,,,49,659,659.0,1308.0,1308.0,1967.0,10.1093/neuros/nyx420,28973670.0,https://pubmed.ncbi.nlm.nih.gov/28973670/,2018-08-01,True,True,True,True,True,False,False,False,True,True,True,True,False,0.0,0.0,0.0,0,True,hybrid,"0148-396X,1524-4040",Neurosurgery,Oxford University Press (OUP),2017-08-04,,,,,,,,,,,,,,
NCT01801280,ClinicalTrials.gov,True,2,Publ found in Google ID search,True,True,True,True,True,Berlin,,large,Other,Interventional,Drug,Phase 4,20,Completed,None (Open Label),Randomized,True,False,False,True,2013-02-13,2012-01-01,2014-03-01,2014,2013-03-01,2013.0,2014-12-17,291.0,656.0,-409,381,16.0,419.0,784.0,800.0,10.1111/bcp.12664,25913040.0,https://bpspubs.onlinelibrary.wiley.com/doi/full/10.1111/bcp.12664,2015-04-24,True,True,True,True,True,False,False,False,True,False,False,False,,0.0,0.0,1.0,1,True,green,0306-5251,British Journal of Clinical Pharmacology,Wiley,2015-07-14,,,,,,,,,,,,,,
NCT01797887,ClinicalTrials.gov,True,2,Publ found in Google ID search,False,True,True,True,True,Berlin,,large,Other,Interventional,Behavioral,,40,Completed,None (Open Label),Randomized,True,False,True,False,2013-02-21,2013-05-01,2014-12-01,2014,2014-12-01,2014.0,,,,69,648,648.0,958.0,958.0,1606.0,10.1016/j.ctim.2017.07.005,28917376.0,https://pubmed.ncbi.nlm.nih.gov/28917376/,2017-07-16,True,True,True,True,True,False,True,True,True,True,True,True,True,0.0,0.0,0.0,0,True,closed,0965-2299,Complementary Therapies in Medicine,Elsevier BV,2017-10-01,True,['institutional repository'],True,"['acceptedVersion', 'submittedVersion']",True,True,False,[{'type': 'cc-by-nc-nd'}],journal,12.0,2018-10-01,True,True,False
NCT01785082,ClinicalTrials.gov,True,2,Registry linked,False,True,True,True,True,Berlin,,large,Industry,Interventional,Drug,Phase 3,149,Completed,None (Open Label),Randomized,True,True,True,False,2013-01-25,2013-01-01,2015-09-01,2015,2015-09-01,2015.0,,,,-24,949,949.0,1017.0,1017.0,1966.0,10.1002/bjs5.81,30263981.0,https://pubmed.ncbi.nlm.nih.gov/30263981/,2018-06-14,True,True,True,True,True,False,True,True,True,True,True,True,False,0.0,0.0,0.0,0,True,hybrid,2474-9842,BJS Open,Oxford University Press (OUP),2018-06-14,,,,,,,,,,,,,,
NCT01782391,ClinicalTrials.gov,True,2,Publ found in Google ID search,False,True,True,True,True,Berlin,,large,Other,Interventional,Device,,22,Unknown status,Triple,Randomized,True,False,True,False,2012-06-05,2013-04-01,2017-12-01,2017,2017-12-01,2017.0,,,,300,2005,2005.0,-128.0,-128.0,1877.0,10.1523/jneurosci.0260-17.2017,28637840.0,https://www.ncbi.nlm.nih.gov/pmc/articles/pmc6705731/,2017-07-26,True,True,True,True,True,False,False,False,False,False,False,False,,0.0,0.0,0.0,0,True,green,"0270-6474,1529-2401",The Journal of Neuroscience,Society for Neuroscience,2017-06-21,,,,,,,,,,,,,,
NCT01782365,ClinicalTrials.gov,True,2,Publ found in Google search (no ID),False,True,True,True,True,Berlin,,large,Other,Interventional,Device,,16,Completed,Triple,Randomized,True,False,True,False,2013-01-31,2013-08-08,2016-08-30,2016,2016-04-26,2016.0,,,,189,1307,1181.0,330.0,456.0,1637.0,10.1523/jneurosci.0260-17.2017,28637840.0,https://www.ncbi.nlm.nih.gov/pmc/articles/pmc6705731/,2017-07-26,True,True,True,True,True,False,False,False,False,True,True,False,False,0.0,0.0,0.0,0,True,green,"0270-6474,1529-2401",The Journal of Neuroscience,Society for Neuroscience,2017-06-21,,,,,,,,,,,,,,
NCT01770080,ClinicalTrials.gov,True,2,Publ found in Google search (no ID),False,True,True,True,True,Berlin,,large,Other,Interventional,Drug,Phase 4,211,Completed,Triple,Randomized,True,False,True,False,2013-01-09,2013-02-01,2015-09-01,2015,2015-09-01,2015.0,,,,23,965,965.0,757.0,757.0,1722.0,10.1055/s-0037-1607119,,https://www.thieme-connect.de/products/ejournals/abstract/10.1055/s-0037-1607119,2017-09-27,True,False,,,False,False,,,,False,,False,,,,,1,True,closed,,Phytotherapie 2017 „Von der Innovation zur Evidenz“,Georg Thieme Verlag KG,2017-09-01,,,,,,,,,,,,,,
NCT01693393,ClinicalTrials.gov,True,2,Registry linked,False,True,True,True,True,Berlin,,large,Other,Interventional,Drug,Phase 2,30,Completed,None (Open Label),,,False,False,False,2012-09-14,2010-03-01,2014-10-01,2014,2014-10-01,2014.0,,,,-928,747,747.0,666.0,666.0,1413.0,10.1007/s10067-016-3360-4,27470087.0,https://pubmed.ncbi.nlm.nih.gov/27470087/,2016-07-28,True,True,True,True,True,False,True,True,False,True,True,True,True,0.0,0.0,0.0,0,True,closed,"0770-3198,1434-9949",Clinical Rheumatology,Springer Science and Business Media LLC,2016-07-28,True,['institutional repository'],True,['acceptedVersion'],False,True,False,"[{'type': 'other (non-commercial)', 'terms': 'https://perma.cc/52DS-NZFF'}]",publisher,12.0,2017-07-28,True,True,False
NCT01647880,ClinicalTrials.gov,True,2,Registry linked,False,True,True,True,True,Berlin,,large,Other,Interventional,Drug,Phase 2/Phase 3,15,Terminated,Single,Randomized,True,True,True,False,2012-07-23,2013-07-01,2016-04-01,2016,2016-04-01,2016.0,,,,343,1348,1348.0,1432.0,1432.0,2780.0,10.1186/s12883-020-01645-z,32126977.0,https://pubmed.ncbi.nlm.nih.gov/32126977/,2020-03-03,True,True,True,True,True,False,True,True,False,True,True,True,True,0.0,1.0,0.0,0,True,gold,1471-2377,BMC Neurology,Springer Science and Business Media LLC,2020-03-03,,,,,,,,,,,,,,
NCT01605487,ClinicalTrials.gov,True,2,Publ found in Google search (no ID),True,True,True,True,True,Berlin,,large,Other,Interventional,Drug,Phase 2,24,Completed,Triple,Randomized,True,False,True,False,2012-05-11,2012-06-01,2014-10-01,2014,2013-09-01,2013.0,,,,21,873,478.0,1528.0,1923.0,2401.0,,,https://refubium.fu-berlin.de/handle/fub188/23549,2018-12-07,True,False,,,False,False,,,,,,,,,,,0,False,,,,,,,,,,,,,,,,,,,
NCT01582724,ClinicalTrials.gov,True,2,Registry linked,False,True,True,True,True,Berlin,,large,Other,Interventional,Procedure,,220,Completed,None (Open Label),Randomized,True,False,True,False,2012-04-18,2012-12-01,2015-03-01,2015,2014-09-01,2014.0,,,,227,1047,866.0,-689.0,-508.0,358.0,10.1186/1745-6215-14-99,24499425.0,https://pubmed.ncbi.nlm.nih.gov/24499425/,2013-04-11,True,True,True,True,True,False,True,True,False,True,True,True,True,0.0,0.0,0.0,0,True,gold,1745-6215,Trials,Springer Science and Business Media LLC,2013-01-01,,,,,,,,,,,,,,
NCT01580592,ClinicalTrials.gov,True,2,Registry linked,False,True,True,True,True,Berlin,,large,Other,Interventional,Drug,Phase 2,31,Completed,Double,Randomized,True,True,True,True,2012-04-18,2012-04-01,2015-02-01,2015,2014-12-01,2014.0,2015-10-27,268.0,330.0,-17,1019,957.0,793.0,855.0,1812.0,10.1016/j.jaci.2017.01.043,28389393.0,https://pubmed.ncbi.nlm.nih.gov/28389393/,2017-04-04,True,True,True,True,True,False,False,True,True,True,True,True,True,1.0,0.0,1.0,0,True,bronze,0091-6749,Journal of Allergy and Clinical Immunology,Elsevier BV,2017-09-01,,,,,,,,,,,,,,
NCT01525667,ClinicalTrials.gov,True,2,Publ found in Google ID search,False,True,True,True,True,Berlin,,large,Industry,Interventional,Biological,Phase 1/Phase 2,20,Completed,Double,Randomized,True,False,True,True,2012-01-31,2012-11-01,2015-06-01,2015,2013-12-01,2013.0,2015-01-01,-151.0,396.0,275,1217,670.0,1206.0,1753.0,2423.0,10.1002/jcsm.12316,30230266.0,https://www.ncbi.nlm.nih.gov/pmc/articles/pmc6204595/,2018-09-19,True,True,True,True,True,False,False,False,True,False,False,False,,0.0,0.0,1.0,0,True,gold,2190-5991,"Journal of Cachexia, Sarcopenia and Muscle",Wiley,2018-09-19,,,,,,,,,,,,,,
NCT01440062,ClinicalTrials.gov,True,2,Registry linked,False,True,True,True,True,Berlin,,large,Other,Interventional,Drug,Phase 2,55,Terminated,Double,Randomized,True,True,True,False,2011-09-19,2011-12-01,2017-06-01,2017,2017-06-01,2017.0,,,,73,2082,2082.0,967.0,967.0,3049.0,10.1177/2055217320903474,32047645.0,https://pubmed.ncbi.nlm.nih.gov/32047645/,2020-01-24,True,True,True,True,True,False,True,True,True,True,True,True,True,0.0,0.0,1.0,0,True,gold,"2055-2173,2055-2173","Multiple Sclerosis Journal - Experimental, Translational and Clinical",SAGE Publications,2020-01-01,,,,,,,,,,,,,,
NCT01402739,ClinicalTrials.gov,True,2,Registry linked,False,True,True,True,True,Berlin,,large,Other,Interventional,Other,,100,Terminated,None (Open Label),Randomized,True,False,True,False,2011-07-25,2011-08-01,2015-06-01,2015,2015-06-01,2015.0,,,,7,1407,1407.0,1358.0,1358.0,2765.0,10.1186/s12871-019-0689-7,30777015.0,https://pubmed.ncbi.nlm.nih.gov/30777015/,2019-02-18,True,True,True,True,True,False,True,True,True,True,True,True,True,0.0,0.0,0.0,0,True,gold,1471-2253,BMC Anesthesiology,Springer Science and Business Media LLC,2019-02-18,,,,,,,,,,,,,,
NCT01357694,ClinicalTrials.gov,True,2,Registry linked,False,True,True,True,True,Berlin,,large,Other,Interventional,Behavioral,,220,Completed,Single,Randomized,True,False,True,False,2011-05-18,2011-05-01,2014-09-01,2014,2013-02-01,2013.0,,,,-17,1202,625.0,1215.0,1792.0,2417.0,10.1186/s12888-017-1579-5,29284443.0,https://pubmed.ncbi.nlm.nih.gov/29284443/,2017-12-29,True,True,True,True,True,False,True,True,False,True,True,True,True,0.0,0.0,0.0,0,True,gold,1471-244X,BMC Psychiatry,Springer Science and Business Media LLC,2017-12-01,,,,,,,,,,,,,,
NCT01278537,ClinicalTrials.gov,True,2,Registry linked,False,True,True,True,True,Berlin,,large,Other,Interventional,Behavioral,,690,Completed,None (Open Label),Randomized,True,True,True,False,2011-01-18,2011-02-01,2014-02-01,2014,2014-01-01,2014.0,,,,14,1110,1079.0,593.0,624.0,1703.0,10.1371/journal.pone.0137824,26378939.0,https://pubmed.ncbi.nlm.nih.gov/26378939/,2015-09-17,True,True,True,True,True,False,True,True,True,True,True,True,True,0.0,0.0,0.0,0,True,gold,1932-6203,PLOS ONE,Public Library of Science (PLoS),2015-09-17,,,,,,,,,,,,,,
NCT01266655,ClinicalTrials.gov,True,2,Registry linked,False,True,True,True,True,Berlin,,large,Other,Interventional,Drug,Phase 2/Phase 3,56,Completed,Quadruple,Randomized,True,False,True,False,2010-12-23,2011-02-01,2014-05-01,2014,2014-05-01,2014.0,,,,40,1225,1225.0,1594.0,1594.0,2819.0,10.1016/j.euroneuro.2018.08.507,30217552.0,https://pubmed.ncbi.nlm.nih.gov/30217552/,2018-09-11,True,True,True,True,True,False,True,True,False,True,True,True,True,0.0,0.0,0.0,0,True,closed,0924-977X,European Neuropsychopharmacology,Elsevier BV,2018-11-01,True,['institutional repository'],True,"['acceptedVersion', 'submittedVersion']",True,True,False,[{'type': 'cc-by-nc-nd'}],journal,12.0,2019-11-01,True,True,False
NCT01264549,ClinicalTrials.gov,True,2,Registry linked,False,True,True,True,True,Berlin,,large,Other,Interventional,Device,,230,Completed,Double,Randomized,True,True,True,False,2010-12-21,2010-12-01,2014-10-01,2014,2014-10-01,2014.0,,,,-20,1380,1380.0,936.0,936.0,2316.0,10.3389/fneur.2017.00153,28484421.0,https://pubmed.ncbi.nlm.nih.gov/28484421/,2017-04-24,True,True,True,True,True,False,True,True,True,True,True,True,False,0.0,0.0,0.0,0,True,gold,1664-2295,Frontiers in Neurology,Frontiers Media SA,2017-04-24,,,,,,,,,,,,,,
NCT01225133,ClinicalTrials.gov,True,2,Registry linked,False,True,True,True,True,Berlin,,large,Other,Interventional,Other,Phase 3,150,Completed,None (Open Label),Randomized,True,True,True,False,2010-10-06,2010-10-01,2015-03-01,2015,2014-07-01,2014.0,,,,-5,1607,1364.0,1074.0,1317.0,2681.0,10.1016/j.joca.2018.01.022,29426006.0,https://pubmed.ncbi.nlm.nih.gov/29426006/,2018-02-07,True,True,True,True,True,False,True,True,True,True,True,True,True,0.0,0.0,0.0,0,True,hybrid,1063-4584,Osteoarthritis and Cartilage,Elsevier BV,2018-05-01,,,,,,,,,,,,,,
NCT01181401,ClinicalTrials.gov,True,2,Publ found in Google search (no ID),True,True,True,True,True,Berlin,,large,Other,Interventional,Drug,Phase 2,94,Completed,None (Open Label),Randomized,True,True,True,False,2010-08-12,2010-08-01,2015-08-01,2015,2015-04-01,2015.0,,,,-11,1815,1693.0,293.0,415.0,2108.0,10.1200/jco.2016.34.15_suppl.6035,,https://ascopubs.org/doi/abs/10.1200/jco.2016.34.15_suppl.6035,2016-05-20,True,False,,,False,False,,,,False,,False,,,,,1,True,closed,"0732-183X,1527-7755",Journal of Clinical Oncology,American Society of Clinical Oncology (ASCO),2016-05-20,True,['institutional repository'],True,"['publishedVersion', 'acceptedVersion']",False,True,True,[{'type': 'other-closed'}],publisher,12.0,2017-05-20,True,True,True
NCT01143233,ClinicalTrials.gov,True,2,Registry linked,False,True,True,True,True,Berlin,,large,Industry,Interventional,Other,,503,Completed,Double,Randomized,True,True,False,False,2010-06-11,2010-04-01,2017-08-01,2017,2014-07-01,2014.0,,,,-71,2608,1481.0,273.0,1400.0,2881.0,10.1097/mpg.0000000000001853,29216020.0,https://pubmed.ncbi.nlm.nih.gov/29216020/,2018-05-01,True,True,True,True,True,False,True,True,True,True,True,False,True,0.0,0.0,0.0,0,True,green,"0277-2116,1536-4801",Journal of Pediatric Gastroenterology & Nutrition,Ovid Technologies (Wolters Kluwer Health),2018-05-01,,,,,,,,,,,,,,
NCT01117597,ClinicalTrials.gov,True,2,Publ found in Google search (no ID),True,True,True,True,True,Berlin,,large,Other,Interventional,Radiation,,32,Completed,Quadruple,Randomized,True,False,False,False,2010-05-04,2010-04-01,2014-09-01,2014,2013-09-01,2013.0,,,,-33,1581,1216.0,211.0,576.0,1792.0,10.1016/j.envres.2015.03.021,25839715.0,https://pubmed.ncbi.nlm.nih.gov/25839715/,2015-03-31,True,True,True,True,True,False,False,False,False,False,False,False,,0.0,0.0,0.0,0,True,closed,0013-9351,Environmental Research,Elsevier BV,2015-07-01,True,['institutional repository'],True,"['acceptedVersion', 'submittedVersion']",True,True,False,[{'type': 'cc-by-nc-nd'}],journal,24.0,2017-07-01,True,True,False
NCT01112579,ClinicalTrials.gov,True,2,Registry linked,False,True,True,True,True,Berlin,,large,Industry,Interventional,Device,Phase 2,81,Completed,Single,Randomized,True,True,True,True,2010-04-16,2010-04-01,2015-04-01,2015,2014-01-01,2014.0,2015-10-01,183.0,638.0,-15,1811,1356.0,618.0,1073.0,2429.0,10.1016/j.jchf.2015.10.006,26682789.0,https://pubmed.ncbi.nlm.nih.gov/26682789/,2016-12-09,True,True,True,True,True,False,True,True,True,True,True,True,True,0.0,0.0,0.0,0,True,bronze,2213-1779,JACC: Heart Failure,Elsevier BV,2016-02-01,,,,,,,,,,,,,,
NCT01050686,ClinicalTrials.gov,True,2,Publ found in Google search (no ID),False,True,True,True,True,Berlin,,large,Other,Interventional,Procedure,,102,Completed,None (Open Label),Randomized,True,False,True,False,2010-01-14,2010-03-01,2015-02-01,2015,2014-11-01,2014.0,,,,46,1844,1752.0,455.0,547.0,2299.0,10.1007/s00423-016-1436-x,27138020.0,https://pubmed.ncbi.nlm.nih.gov/27138020/,2016-05-01,True,True,True,True,True,False,False,False,True,False,False,False,,0.0,0.0,0.0,0,True,closed,"1435-2443,1435-2451",Langenbeck's Archives of Surgery,Springer Science and Business Media LLC,2016-05-01,True,['institutional repository'],True,['acceptedVersion'],False,True,False,"[{'type': 'other (non-commercial)', 'terms': 'https://perma.cc/52DS-NZFF'}]",publisher,12.0,2017-05-01,True,True,False
NCT01047891,ClinicalTrials.gov,True,2,Registry linked,False,True,True,True,True,Berlin,,large,Other,Interventional,Drug,Phase 2,174,Completed,Double,Randomized,True,False,True,False,2010-01-12,2010-01-01,2015-02-01,2015,2015-02-01,2015.0,,,,-11,1846,1846.0,1285.0,1285.0,3131.0,10.1016/s1470-2045(18)30372-3,30100379.0,https://pubmed.ncbi.nlm.nih.gov/30100379/,2018-08-09,True,True,True,True,True,False,True,True,True,True,True,False,True,0.0,0.0,0.0,0,True,closed,1470-2045,The Lancet Oncology,Elsevier BV,2018-09-01,,,,,,,,,,,,,,
NCT00942747,ClinicalTrials.gov,True,2,Registry linked,True,True,True,True,True,Berlin,,large,Other,Interventional,Drug,Phase 2,37,Unknown status,None (Open Label),,,True,True,False,2009-07-20,2009-07-01,2014-06-01,2014,2013-12-01,2013.0,,,,-19,1777,1595.0,652.0,834.0,2429.0,10.1200/jco.2015.64.9897,26976424.0,https://pubmed.ncbi.nlm.nih.gov/26976424/,2016-03-14,True,True,True,True,True,False,True,True,True,True,True,False,True,0.0,0.0,1.0,1,True,green,"0732-183X,1527-7755",Journal of Clinical Oncology,American Society of Clinical Oncology (ASCO),2016-05-20,,,,,,,,,,,,,,
NCT00865982,ClinicalTrials.gov,True,2,Registry linked,False,True,True,True,True,Berlin,,large,Other,Interventional,Drug,Phase 2,50,Unknown status,None (Open Label),,,True,False,False,2009-03-19,2008-09-01,2015-09-01,2015,2014-09-01,2014.0,,,,-199,2357,1992.0,-1164.0,-799.0,1193.0,10.1093/annonc/mds129,22734012.0,https://pubmed.ncbi.nlm.nih.gov/22734012/,2012-06-24,True,True,True,True,True,False,False,True,True,True,True,True,True,0.0,0.0,0.0,1,True,bronze,0923-7534,Annals of Oncology,Elsevier BV,2012-11-01,,,,,,,,,,,,,,
NCT00841256,ClinicalTrials.gov,True,2,Registry linked,True,True,True,True,True,Berlin,,large,Industry,Interventional,Biological,Phase 3,207,Completed,Quadruple,Randomized,True,False,False,False,2008-04-22,2008-02-01,2015-08-01,2015,2012-06-01,2012.0,,,,-81,2657,1501.0,-1067.0,89.0,1590.0,10.1016/j.jaci.2012.06.047,22939758.0,https://pubmed.ncbi.nlm.nih.gov/22939758/,2012-08-29,True,True,True,True,True,False,True,True,False,True,True,True,False,0.0,0.0,0.0,1,True,closed,0091-6749,Journal of Allergy and Clinical Immunology,Elsevier BV,2012-10-01,True,['institutional repository'],True,"['acceptedVersion', 'submittedVersion']",True,True,False,[{'type': 'cc-by-nc-nd'}],journal,12.0,2013-10-01,True,True,False
NCT00772655,ClinicalTrials.gov,True,2,Registry linked,True,True,True,True,True,Berlin,,large,Other,Interventional,Drug,Phase 2,60,Unknown status,None (Open Label),Non-Randomized,False,True,False,False,2008-10-14,2007-10-01,2015-06-01,2015,2010-06-01,2010.0,,,,-379,2421,595.0,-903.0,923.0,1518.0,10.1200/jco.2011.41.1553,23233718.0,https://pubmed.ncbi.nlm.nih.gov/23233718/,2012-12-10,True,True,True,True,True,False,False,True,False,True,True,False,True,0.0,0.0,0.0,1,True,closed,"0732-183X,1527-7755",Journal of Clinical Oncology,American Society of Clinical Oncology (ASCO),2013-01-20,True,['institutional repository'],True,"['publishedVersion', 'acceptedVersion']",False,True,True,[{'type': 'other-closed'}],publisher,12.0,2014-01-20,True,True,True
NCT00590447,ClinicalTrials.gov,True,2,Registry linked,False,True,True,True,True,Berlin,,large,Other,Interventional,Drug,Phase 2,152,Completed,None (Open Label),Non-Randomized,False,True,False,False,2007-12-28,2006-12-01,2015-07-01,2015,2014-12-01,2014.0,,,,-392,2742,2530.0,537.0,749.0,3279.0,10.1200/jco.2016.69.3564,27992268.0,https://pubmed.ncbi.nlm.nih.gov/27992268/,2016-12-19,True,True,True,True,True,False,False,False,False,True,True,False,False,1.0,1.0,1.0,1,True,green,"0732-183X,1527-7755",Journal of Clinical Oncology,American Society of Clinical Oncology (ASCO),2017-02-10,,,,,,,,,,,,,,
NCT00530738,ClinicalTrials.gov,True,2,Registry linked,False,True,True,True,True,Berlin,,large,Industry,Interventional,Drug,Phase 4,42,Completed,Double,Randomized,True,False,True,False,2007-09-14,2007-09-01,2014-01-01,2014,2014-01-01,2014.0,,,,-13,2301,2301.0,1794.0,1794.0,4095.0,10.1186/s12937-018-0419-x,30501620.0,https://pubmed.ncbi.nlm.nih.gov/30501620/,2018-11-30,True,True,True,True,True,False,True,True,False,True,True,True,True,0.0,0.0,0.0,1,True,gold,1475-2891,Nutrition Journal,Springer Science and Business Media LLC,2018-11-30,,,,,,,,,,,,,,
NCT01541579,ClinicalTrials.gov,True,2,Registry linked,False,True,True,True,True,Frankfurt Berlin,,large,Industry,Interventional,Other,Phase 3,278,Completed,Double,Randomized,True,True,True,False,2012-02-21,2012-07-01,2016-11-01,2016,2015-07-01,2015.0,,,,131,1715,1226.0,-95.0,394.0,1620.0,10.1016/s0140-6736(16)31203-x,27477896.0,https://pubmed.ncbi.nlm.nih.gov/27477896/,2016-07-29,True,True,True,True,True,False,True,True,True,True,True,False,True,0.0,0.0,0.0,0,True,closed,0140-6736,The Lancet,Elsevier BV,2016-09-01,,,,,,,,,,,,,,
NCT01727362,ClinicalTrials.gov,True,2,Registry linked,False,True,True,True,True,Berlin,,large,Other,Interventional,Other,,140,Completed,None (Open Label),Randomized,True,False,False,False,2012-11-07,2012-10-01,2016-12-01,2016,2016-12-01,2016.0,,,,-37,1485,1485.0,1016.0,1016.0,2501.0,10.1007/s10549-019-05431-5,31520284.0,https://pubmed.ncbi.nlm.nih.gov/31520284/,2019-09-13,True,True,True,True,True,False,True,True,True,True,True,True,True,0.0,0.0,0.0,0,True,closed,"0167-6806,1573-7217",Breast Cancer Research and Treatment,Springer Science and Business Media LLC,2019-09-13,True,['institutional repository'],True,['acceptedVersion'],False,True,False,"[{'type': 'other (non-commercial)', 'terms': 'https://perma.cc/52DS-NZFF'}]",publisher,12.0,2020-09-13,True,True,False
NCT01471782,ClinicalTrials.gov,True,2,Registry linked,False,True,True,True,True,Berlin,,large,Industry,Interventional,Biological,Phase 1/Phase 2,93,Completed,None (Open Label),,,True,True,True,2011-10-28,2012-01-01,2016-05-01,2016,2014-08-01,2014.0,2016-09-23,145.0,784.0,65,1647,1008.0,173.0,812.0,1820.0,10.1200/jco.2016.67.3301,27998223.0,https://pubmed.ncbi.nlm.nih.gov/27998223/,2016-10-21,True,True,True,True,True,False,False,True,False,True,True,False,True,0.0,0.0,2.0,1,True,green,"0732-183X,1527-7755",Journal of Clinical Oncology,American Society of Clinical Oncology (ASCO),2016-12-20,,,,,,,,,,,,,,
DRKS00003246,DRKS,True,2,Publ found in Google search (no ID),False,True,True,True,True,Berlin,,large,Other,Interventional,Not given,IIb,60,Recruiting stopped after recruiting started,Blinded,Randomized controlled trial,True,True,True,False,2013-05-31,2013-10-23,2016-12-02,2016,,,,,,145,1281,,1183.0,,2464.0,10.1007/s00417-020-04618-7,32112140.0,https://pubmed.ncbi.nlm.nih.gov/32112140/,2020-02-28,True,True,True,True,True,False,False,False,False,False,False,False,,0.0,1.0,1.0,1,True,hybrid,"0721-832X,1435-702X",Graefe's Archive for Clinical and Experimental Ophthalmology,Springer Science and Business Media LLC,2020-02-28,,,,,,,,,,,,,,
DRKS00003568,DRKS,True,2,Registry linked,False,True,True,True,True,Berlin,,large,Other,Interventional,Not given,,560,"Recruiting complete, follow-up complete",Open (masking not used),Randomized controlled trial,True,True,False,False,2012-02-22,2011-11-30,2014-12-31,2014,,,,,,-84,1043,,586.0,,1629.0,10.3238/arztebl.2016.0525,27581505.0,https://pubmed.ncbi.nlm.nih.gov/27581505/,2016-08-08,True,True,True,True,True,False,False,False,True,False,False,False,,0.0,0.0,0.0,0,True,green,1866-0452,Deutsches Aerzteblatt Online,Deutscher Arzte-Verlag GmbH,2016-08-08,,,,,,,,,,,,,,
DRKS00004871,DRKS,True,2,Publ found in Google ID search,False,True,True,True,True,Berlin,,large,Other,Interventional,Not given,,44,"Recruiting complete, follow-up complete",Blinded,Randomized controlled trial,True,True,True,False,2013-04-26,2013-05-02,2015-12-14,2015,,,,,,6,962,,1075.0,,2037.0,10.3238/arztebl.2018.0785,30636672.0,https://pubmed.ncbi.nlm.nih.gov/30636672/,2018-11-23,True,True,True,True,True,False,False,False,False,False,False,False,,0.0,0.0,0.0,2,True,green,1866-0452,Deutsches Aerzteblatt Online,Deutscher Arzte-Verlag GmbH,2018-11-23,,,,,,,,,,,,,,
DRKS00007117,DRKS,True,2,Publ found in Google search (no ID),False,True,True,True,True,Berlin,,large,Other,Interventional,Not given,,200,"Recruiting complete, follow-up complete",Blinded,Randomized controlled trial,True,False,False,False,2014-11-05,2014-01-01,2014-10-01,2014,,,,,,-308,-35,,100.0,,65.0,10.3109/14767058.2014.991917,25572878.0,https://pubmed.ncbi.nlm.nih.gov/25572878/,2015-01-09,True,True,True,True,True,False,False,False,False,False,False,False,,0.0,0.0,0.0,0,True,closed,"1476-7058,1476-4954",The Journal of Maternal-Fetal & Neonatal Medicine,Informa UK Limited,2015-01-09,True,['institutional repository'],True,['acceptedVersion'],False,True,False,[],journal,12.0,2016-01-09,True,True,False
DRKS00009347,DRKS,True,2,Publ found in Google ID search,False,True,True,True,True,Berlin,,large,Other,Interventional,Not given,,60,"Recruiting complete, follow-up complete",Open (masking not used),Non-randomized controlled trial,False,False,False,False,2015-11-27,2015-09-23,2016-11-20,2016,,,,,,-65,359,,1089.0,,1448.0,10.1038/s41598-019-53050-3,31727918.0,https://pubmed.ncbi.nlm.nih.gov/31727918/,2019-11-14,True,True,True,True,True,False,False,False,True,False,False,False,,0.0,0.0,0.0,0,True,gold,2045-2322,Scientific Reports,Springer Science and Business Media LLC,2019-11-14,,,,,,,,,,,,,,
DRKS00009368,DRKS,True,2,Registry linked,False,True,True,True,True,Berlin,,large,Other,Interventional,Not given,,8,"Recruiting complete, follow-up complete",Blinded,Randomized controlled trial,True,False,False,False,2015-09-21,2015-03-11,2015-08-05,2015,,,,,,-194,-47,,210.0,,163.0,10.1111/myc.12495,26932256.0,https://pubmed.ncbi.nlm.nih.gov/26932256/,2016-03-02,True,True,True,True,True,False,False,False,True,True,True,False,False,0.0,0.0,0.0,0,True,closed,0933-7407,Mycoses,Wiley,2016-03-02,True,['institutional repository'],True,['acceptedVersion'],False,True,False,"[{'type': 'other (non-commercial)', 'terms': 'https://perma.cc/6S5D-XMF4'}]",journal,12.0,2017-03-02,True,True,False
DRKS00009391,DRKS,True,2,Registry linked,False,True,True,True,True,Berlin,,large,Other,Interventional,Not given,,20,"Recruiting complete, follow-up complete",Open (masking not used),Non-randomized controlled trial,False,False,False,False,2016-01-08,2015-03-24,2016-01-07,2016,,,,,,-290,-1,,520.0,,519.0,10.1007/s00784-017-2147-6,28601915.0,https://pubmed.ncbi.nlm.nih.gov/28601915/,2017-06-10,True,True,True,True,True,False,False,False,True,True,True,False,False,0.0,0.0,0.0,0,True,closed,"1432-6981,1436-3771",Clinical Oral Investigations,Springer Science and Business Media LLC,2017-06-10,True,['institutional repository'],True,['acceptedVersion'],False,True,False,"[{'type': 'other (non-commercial)', 'terms': 'https://perma.cc/52DS-NZFF'}]",publisher,12.0,2018-06-10,True,True,False
DRKS00009539,DRKS,True,2,Registry linked,False,True,True,True,True,Berlin,,large,Other,Interventional,Not given,,20,"Recruiting complete, follow-up complete",Open (masking not used),Non-randomized controlled trial,False,False,False,False,2015-10-22,2014-11-19,2015-09-14,2015,,,,,,-337,-38,,631.0,,593.0,10.1177/0194599817711411,28585450.0,https://pubmed.ncbi.nlm.nih.gov/28585450/,2017-06-06,True,True,True,True,True,False,False,False,True,True,False,True,False,0.0,0.0,0.0,0,True,closed,"0194-5998,1097-6817",Otolaryngology–Head and Neck Surgery,SAGE Publications,2017-06-06,True,['institutional repository'],True,"['acceptedVersion', 'submittedVersion']",True,True,False,[{'type': 'other-closed'}],publisher,0.0,,,,False
DRKS00011212,DRKS,True,2,Publ found in Google search (no ID),False,True,True,True,True,Berlin,,large,Other,Interventional,Not given,,33,"Recruiting complete, follow-up complete",Blinded,Randomized controlled trial,True,False,False,False,2016-10-28,2015-10-16,2016-06-10,2016,,,,,,-378,-140,,405.0,,265.0,10.1159/000477355,28723689.0,https://pubmed.ncbi.nlm.nih.gov/28723689/,2017-07-20,True,True,True,True,True,False,False,False,False,False,False,False,,0.0,0.0,0.0,0,True,bronze,"1660-5527,1660-5535",Skin Pharmacology and Physiology,S. Karger AG,2017-01-01,,,,,,,,,,,,,,
DRKS00011273,DRKS,True,2,Publ found in Google ID search,False,True,True,True,True,Berlin,,large,Other,Interventional,Not given,,30,"Recruiting complete, follow-up complete",Open (masking not used),Single arm study,False,False,True,False,2016-11-02,2016-11-03,2017-05-23,2017,,,,,,1,202,,292.0,,494.0,10.1161/circep.117.005925,29874170.0,https://pubmed.ncbi.nlm.nih.gov/29874170/,2018-03-11,True,True,True,True,True,False,False,True,False,False,False,False,,0.0,0.0,0.0,0,True,bronze,"1941-3149,1941-3084",Circulation: Arrhythmia and Electrophysiology,Ovid Technologies (Wolters Kluwer Health),2018-03-01,,,,,,,,,,,,,,
DRKS00012499,DRKS,True,2,Publ found in Google ID search,False,True,True,True,True,Berlin,,large,Other,Interventional,Not given,,1000,"Recruiting complete, follow-up complete",Open (masking not used),Single arm study,False,True,False,False,2017-07-14,2016-01-09,2017-12-29,2017,,,,,,-552,168,,271.0,,439.0,10.1016/j.cgh.2018.09.032,30267867.0,https://pubmed.ncbi.nlm.nih.gov/30267867/,2018-09-26,True,True,True,True,True,False,True,True,True,False,False,False,,0.0,0.0,0.0,0,True,closed,1542-3565,Clinical Gastroenterology and Hepatology,Elsevier BV,2019-08-01,True,['institutional repository'],True,"['acceptedVersion', 'submittedVersion']",True,True,False,[{'type': 'cc-by-nc-nd'}],journal,12.0,2020-08-01,True,True,False
DRKS00012795,DRKS,True,2,Registry linked,False,True,True,True,True,Berlin,,large,Other,Interventional,Not given,,30,"Recruiting complete, follow-up complete",Open (masking not used),Single arm study,False,False,False,False,2017-07-27,2013-04-02,2014-12-17,2014,,,,,,-1577,-953,,1184.0,,231.0,10.5664/jcsm.6978,29458696.0,https://pubmed.ncbi.nlm.nih.gov/29458696/,2018-03-15,True,True,True,True,True,False,False,False,False,True,False,True,False,0.0,0.0,0.0,0,True,green,"1550-9389,1550-9397",Journal of Clinical Sleep Medicine,American Academy of Sleep Medicine (AASM),2018-03-15,,,,,,,,,,,,,,
DRKS00004911,DRKS,True,2,Publ found in Google search (no ID),False,True,True,True,True,Berlin Bochum,,large,Other,Interventional,Not given,,90,"Recruiting complete, follow-up complete",Blinded,Randomized controlled trial,True,False,False,False,2013-04-29,2013-02-27,2014-11-28,2014,,,,,,-61,578,,1069.0,,1647.0,10.1097/hjh.0000000000001445,28622156.0,https://pubmed.ncbi.nlm.nih.gov/28622156/,2017-11-01,True,True,True,True,True,False,False,False,False,False,False,False,,0.0,0.0,0.0,0,True,closed,0263-6352,Journal of Hypertension,Ovid Technologies (Wolters Kluwer Health),2017-11-01,True,['institutional repository'],True,"['acceptedVersion', 'submittedVersion']",True,True,False,[{'type': 'other-closed'}],publisher,12.0,2018-11-01,True,True,False
DRKS00004195,DRKS,True,2,Registry linked,False,True,True,True,True,Berlin Duisburg,,large,Other,Interventional,Not given,,350,"Recruiting complete, follow-up complete",Open (masking not used),Randomized controlled trial,True,True,True,False,2012-08-15,2012-08-15,2014-12-11,2014,,,,,,0,848,,972.0,,1820.0,10.1159/000475717,28787738.0,https://pubmed.ncbi.nlm.nih.gov/28787738/,2017-08-09,True,True,True,True,True,False,False,False,False,False,False,False,,0.0,0.0,0.0,4,True,gold,"1662-4025,1662-4033",Obesity Facts,S. Karger AG,2017-01-01,,,,,,,,,,,,,,
DRKS00004649,DRKS,True,2,Registry linked,False,True,True,True,True,Berlin Heidelberg,,large,Other,Interventional,Not given,,240,"Recruiting complete, follow-up complete",Open (masking not used),Randomized controlled trial,True,True,True,False,2013-01-31,2013-01-01,2016-05-31,2016,,,,,,-30,1216,,-160.0,,1056.0,10.1002/da.22462,26697826.0,https://pubmed.ncbi.nlm.nih.gov/26697826/,2015-12-23,True,True,True,True,True,False,False,False,False,True,False,True,False,0.0,0.0,0.0,0,True,closed,1091-4269,Depression and Anxiety,Wiley,2015-12-23,True,['institutional repository'],True,['acceptedVersion'],False,True,False,"[{'type': 'other (non-commercial)', 'terms': 'https://perma.cc/6S5D-XMF4'}]",journal,12.0,2016-12-23,True,True,False
DRKS00004858,DRKS,True,2,Publ found in Google ID search,False,True,True,True,True,Berlin Schleswig-Holstein,,large,Other,Interventional,Not given,I-II,12,"Recruiting complete, follow-up complete",Open (masking not used),Single arm study,False,False,True,False,2014-03-26,2014-03-31,2016-10-20,2016,,,,,,5,939,,1042.0,,1981.0,10.1016/s2665-9913(19)30018-9,,https://www.sciencedirect.com/science/article/pii/s2665991319300189?via%3dihub,2019-08-28,True,False,,,False,False,,,,False,,False,,,,,1,True,closed,2665-9913,The Lancet Rheumatology,Elsevier BV,2019-09-01,,,,,,,,,,,,,,
NCT01532453,ClinicalTrials.gov,True,2,No publ,False,True,True,True,True,Berlin,,large,Industry,Interventional,Device,Phase 3,244,Terminated,None (Open Label),Randomized,True,True,False,True,2012-02-09,2010-11-01,2014-01-01,2014,2014-01-01,2014.0,2015-07-16,561.0,561.0,-465,692,692.0,,,,,,,,False,False,,,False,False,,,,,,,,,,,0,False,,,,,,,,,,,,,,,,,,,
NCT02793557,ClinicalTrials.gov,True,2,No publ,False,True,True,True,True,Berlin,,large,Industry,Interventional,Other,Phase 1/Phase 2,44,Completed,Triple,Randomized,True,False,False,False,2016-05-16,2016-01-01,2017-03-01,2017,2017-03-01,2017.0,,,,-136,289,289.0,,,,,,,,False,False,,,False,False,,,,,,,,,,,0,False,,,,,,,,,,,,,,,,,,,
NCT02019134,ClinicalTrials.gov,True,2,No publ,False,True,True,True,True,Berlin,,large,Other,Interventional,Behavioral,,220,Completed,None (Open Label),Randomized,True,False,True,False,2013-12-18,2014-03-31,2017-02-01,2017,2016-11-01,2016.0,,,,103,1141,1049.0,,,,,,,,False,False,,,False,False,,,,,,,,,,,0,False,,,,,,,,,,,,,,,,,,,
NCT01864707,ClinicalTrials.gov,True,2,No publ,False,True,True,True,True,Berlin,,large,Other,Interventional,Other,,104,Completed,None (Open Label),Randomized,True,False,True,False,2013-04-02,2013-04-01,2015-10-01,2015,2015-06-01,2015.0,,,,-1,912,790.0,,,,,,,,False,False,,,False,False,,,,,,,,,,,0,False,,,,,,,,,,,,,,,,,,,
NCT01503372,ClinicalTrials.gov,True,2,No publ,False,True,True,True,True,Berlin,,large,Other,Interventional,Drug,Phase 2,75,Completed,None (Open Label),Randomized,True,False,False,False,2011-12-22,2011-11-01,2017-12-14,2017,2017-12-14,2017.0,,,,-51,2184,2184.0,,,,,,,,False,False,,,False,False,,,,,,,,,,,1,False,,,,,,,,,,,,,,,,,,,
NCT02227641,ClinicalTrials.gov,True,2,No publ,False,True,True,True,True,Berlin Erlangen,,large,Other,Interventional,Biological,Phase 1/Phase 2,50,Completed,None (Open Label),Randomized,True,True,True,False,2014-08-26,2014-10-01,2017-03-01,2017,2016-10-01,2016.0,,,,36,918,767.0,,,,,,,,False,False,,,False,False,,,,,,,,,,,1,False,,,,,,,,,,,,,,,,,,,
NCT04229069,ClinicalTrials.gov,True,2,No publ,False,True,True,True,True,Berlin,,large,Other,Interventional,Dietary Supplement,,40,Completed,Quadruple,Randomized,True,True,False,False,2020-01-07,2013-01-03,2015-12-30,2015,2014-12-30,2014.0,,,,-2560,-1469,-1834.0,,,,,,,,False,False,,,False,False,,,,,,,,,,,0,False,,,,,,,,,,,,,,,,,,,
NCT03485716,ClinicalTrials.gov,True,2,No publ,False,True,True,True,True,Berlin,,large,Other,Interventional,Other,,34,Completed,Single,Randomized,True,False,False,False,2018-03-19,2016-08-01,2017-12-31,2017,2017-03-31,2017.0,,,,-595,-78,-353.0,,,,,,,,False,False,,,False,False,,,,,,,,,,,0,False,,,,,,,,,,,,,,,,,,,
NCT02971787,ClinicalTrials.gov,True,2,No publ,False,True,True,True,True,Berlin,,large,Other,Interventional,Dietary Supplement,,8,Completed,None (Open Label),,,False,True,False,2016-11-18,2016-11-01,2017-06-01,2017,2017-06-01,2017.0,,,,-17,195,195.0,,,,,,,,False,False,,,False,False,,,,,,,,,,,0,False,,,,,,,,,,,,,,,,,,,
NCT02888236,ClinicalTrials.gov,True,2,No publ,False,True,True,True,True,Berlin,,large,Industry,Interventional,Drug,Phase 2,36,Completed,Quadruple,Randomized,True,False,True,False,2016-08-30,2016-09-01,2017-07-06,2017,2017-06-20,2017.0,,,,2,310,294.0,,,,,,,,False,False,,,False,False,,,,,,,,,,,0,False,,,,,,,,,,,,,,,,,,,
NCT02794298,ClinicalTrials.gov,True,2,No publ,False,True,True,True,True,Berlin,,large,Other,Interventional,Device,,32,Completed,Single,Randomized,True,False,True,False,2016-04-05,2016-04-01,2016-12-01,2016,2016-12-01,2016.0,,,,-4,240,240.0,,,,,,,,False,False,,,False,False,,,,,,,,,,,0,False,,,,,,,,,,,,,,,,,,,
NCT02726048,ClinicalTrials.gov,True,2,No publ,False,True,True,True,True,Berlin,,large,Industry,Interventional,Device,,4,Terminated,None (Open Label),,,False,True,False,2016-03-29,2016-04-01,2017-07-01,2017,2017-07-01,2017.0,,,,3,459,459.0,,,,,,,,False,False,,,False,False,,,,,,,,,,,0,False,,,,,,,,,,,,,,,,,,,
NCT02667964,ClinicalTrials.gov,True,2,No publ,False,True,True,True,True,Berlin,,large,Other,Interventional,Other,,60,Unknown status,None (Open Label),Randomized,True,False,True,False,2015-11-24,2015-11-01,2017-06-01,2017,2016-11-01,2016.0,,,,-23,555,343.0,,,,,,,,False,False,,,False,False,,,,,,,,,,,0,False,,,,,,,,,,,,,,,,,,,
NCT02633228,ClinicalTrials.gov,True,2,No publ,False,True,True,True,True,Berlin,,large,Other,Interventional,Device,Phase 4,15,Completed,None (Open Label),,,False,False,False,2015-12-14,2014-12-01,2016-06-01,2016,2016-02-01,2016.0,,,,-378,170,49.0,,,,,,,,False,False,,,False,False,,,,,,,,,,,0,False,,,,,,,,,,,,,,,,,,,
NCT02633072,ClinicalTrials.gov,True,2,No publ,False,True,True,True,True,Berlin,,large,Other,Interventional,Device,Phase 4,15,Completed,None (Open Label),,,False,False,False,2015-12-14,2014-09-01,2016-12-01,2016,2016-12-01,2016.0,,,,-469,353,353.0,,,,,,,,False,False,,,False,False,,,,,,,,,,,0,False,,,,,,,,,,,,,,,,,,,
NCT02599740,ClinicalTrials.gov,True,2,No publ,False,True,True,True,True,Berlin,,large,Industry,Interventional,Other,,84,Completed,Double,Randomized,True,False,False,False,2015-11-03,2015-10-01,2015-12-01,2015,2015-12-01,2015.0,,,,-33,28,28.0,,,,,,,,False,False,,,False,False,,,,,,,,,,,0,False,,,,,,,,,,,,,,,,,,,
NCT02509962,ClinicalTrials.gov,True,2,No publ,False,True,True,True,True,Berlin,,large,Other,Interventional,Dietary Supplement,,14,Completed,None (Open Label),,,False,True,False,2015-07-24,2015-07-01,2017-07-01,2017,2016-06-01,2016.0,,,,-23,708,313.0,,,,,,,,False,False,,,False,False,,,,,,,,,,,0,False,,,,,,,,,,,,,,,,,,,
NCT02478957,ClinicalTrials.gov,True,2,No publ,False,True,True,True,True,Berlin,,large,Industry,Interventional,Drug,Phase 2,41,Completed,Quadruple,Randomized,True,True,True,False,2015-06-19,2015-06-01,2016-06-01,2016,2016-03-01,2016.0,,,,-18,348,256.0,,,,,,,,False,False,,,False,False,,,,,,,,,,,0,False,,,,,,,,,,,,,,,,,,,
NCT02478034,ClinicalTrials.gov,True,2,No publ,False,True,True,True,True,Berlin,,large,Other,Interventional,Other,,80,Completed,Double,Randomized,True,False,False,False,2015-06-11,2015-05-01,2016-03-01,2016,2016-03-01,2016.0,,,,-41,264,264.0,,,,,,,,False,False,,,False,False,,,,,,,,,,,0,False,,,,,,,,,,,,,,,,,,,
NCT02478021,ClinicalTrials.gov,True,2,No publ,False,True,True,True,True,Berlin,,large,Other,Interventional,Other,,80,Completed,Double,Randomized,True,False,False,False,2015-06-11,2014-09-01,2015-05-01,2015,2015-05-01,2015.0,,,,-283,-41,-41.0,,,,,,,,False,False,,,False,False,,,,,,,,,,,0,False,,,,,,,,,,,,,,,,,,,
NCT02398877,ClinicalTrials.gov,True,2,No publ,False,True,True,True,True,Berlin,,large,Other,Interventional,Other,,140,Completed,Single,Non-Randomized,False,False,False,False,2015-03-09,2013-02-01,2016-02-01,2016,2016-02-01,2016.0,,,,-766,329,329.0,,,,,,,,False,False,,,False,False,,,,,,,,,,,0,False,,,,,,,,,,,,,,,,,,,
NCT02357706,ClinicalTrials.gov,True,2,No publ,False,True,True,True,True,Berlin,,large,Industry,Interventional,Device,,20,Completed,Single,Randomized,True,False,True,True,2015-01-27,2015-01-01,2015-12-01,2015,2015-06-01,2015.0,2017-04-12,498.0,681.0,-26,308,125.0,,,,,,,,False,False,,,False,False,,,,,,,,,,,0,False,,,,,,,,,,,,,,,,,,,
NCT02345278,ClinicalTrials.gov,True,2,No publ,False,True,True,True,True,Berlin,,large,Industry,Interventional,Drug,Phase 1/Phase 2,81,Completed,Quadruple,Randomized,True,True,True,False,2015-01-19,2015-05-01,2015-11-01,2015,2015-11-01,2015.0,,,,102,286,286.0,,,,,,,,False,False,,,False,False,,,,,,,,,,,0,False,,,,,,,,,,,,,,,,,,,
NCT02339597,ClinicalTrials.gov,True,2,No publ,False,True,True,True,True,Berlin,,large,Other,Interventional,Procedure,,224,Unknown status,None (Open Label),Randomized,True,False,True,False,2014-01-27,2014-01-01,2015-11-01,2015,2015-11-01,2015.0,,,,-26,643,643.0,,,,,,,,False,False,,,False,False,,,,,,,,,,,0,False,,,,,,,,,,,,,,,,,,,
NCT02314572,ClinicalTrials.gov,True,2,No publ,False,True,True,True,True,Berlin,,large,Other,Interventional,Device,Phase 4,15,Completed,None (Open Label),,,False,False,False,2014-12-08,2013-03-01,2015-06-01,2015,2014-12-01,2014.0,,,,-647,175,-7.0,,,,,,,,False,False,,,False,False,,,,,,,,,,,0,False,,,,,,,,,,,,,,,,,,,
NCT02096913,ClinicalTrials.gov,True,2,No publ,False,True,True,True,True,Berlin,,large,Other,Interventional,Drug,Phase 1,12,Completed,None (Open Label),Non-Randomized,False,False,False,False,2014-03-24,2013-06-01,2017-09-01,2017,2017-09-01,2017.0,,,,-296,1257,1257.0,,,,,,,,False,False,,,False,False,,,,,,,,,,,1,False,,,,,,,,,,,,,,,,,,,
NCT02094287,ClinicalTrials.gov,True,2,No publ,True,True,True,True,True,Berlin,,large,Other,Interventional,Drug,,166,Completed,Single,Randomized,True,True,False,False,2014-03-17,2010-09-01,2015-02-01,2015,2013-11-01,2013.0,,,,-1293,321,-136.0,,,,,,,,False,False,,,False,False,,,,,,,,,,,1,False,,,,,,,,,,,,,,,,,,,
NCT02019498,ClinicalTrials.gov,True,2,No publ,False,True,True,True,True,Berlin,,large,Other,Interventional,Behavioral,,50,Terminated,None (Open Label),Randomized,True,False,True,False,2013-12-18,2014-04-01,2016-07-01,2016,2016-02-01,2016.0,,,,104,926,775.0,,,,,,,,False,False,,,False,False,,,,,,,,,,,0,False,,,,,,,,,,,,,,,,,,,
NCT01974011,ClinicalTrials.gov,True,2,No publ,False,True,True,True,True,Berlin,,large,Other,Interventional,Procedure,,86,Completed,None (Open Label),Randomized,True,False,True,False,2013-10-28,2013-11-25,2016-01-06,2016,2016-01-05,2016.0,,,,28,800,799.0,,,,,,,,False,False,,,False,False,,,,,,,,,,,0,False,,,,,,,,,,,,,,,,,,,
NCT01840865,ClinicalTrials.gov,True,2,No publ,False,True,True,True,True,Berlin,,large,Other,Interventional,Device,,22,Completed,Triple,Randomized,True,False,True,False,2013-04-18,2013-10-01,2015-01-01,2015,2015-01-01,2015.0,,,,166,623,623.0,,,,,,,,False,False,,,False,False,,,,,,,,,,,0,False,,,,,,,,,,,,,,,,,,,
NCT01836588,ClinicalTrials.gov,True,2,No publ,False,True,True,True,True,Berlin,,large,Other,Interventional,Procedure,,300,Unknown status,None (Open Label),Randomized,True,False,True,False,2013-03-13,2013-03-01,2014-04-01,2014,2014-04-01,2014.0,,,,-12,384,384.0,,,,,,,,False,False,,,False,False,,,,,,,,,,,0,False,,,,,,,,,,,,,,,,,,,
NCT01832740,ClinicalTrials.gov,True,2,No publ,False,True,True,True,True,Berlin,,large,Other,Interventional,Device,,22,Completed,Triple,Randomized,True,False,False,False,2013-03-08,2013-01-01,2015-01-01,2015,2015-01-01,2015.0,,,,-66,664,664.0,,,,,,,,False,False,,,False,False,,,,,,,,,,,0,False,,,,,,,,,,,,,,,,,,,
NCT01815528,ClinicalTrials.gov,True,2,No publ,False,True,True,True,True,Berlin,,large,Other,Interventional,Drug,Phase 2,2,Completed,None (Open Label),Non-Randomized,False,False,True,False,2013-03-14,2013-03-01,2014-02-01,2014,2014-02-01,2014.0,,,,-13,324,324.0,,,,,,,,False,False,,,False,False,,,,,,,,,,,0,False,,,,,,,,,,,,,,,,,,,
NCT01801787,ClinicalTrials.gov,True,2,No publ,False,True,True,True,True,Berlin,,large,Other,Interventional,Device,,30,Completed,Triple,Randomized,True,True,True,False,2013-02-26,2013-03-01,2015-12-01,2015,2015-12-01,2015.0,,,,3,1008,1008.0,,,,,,,,False,False,,,False,False,,,,,,,,,,,0,False,,,,,,,,,,,,,,,,,,,
NCT01625572,ClinicalTrials.gov,True,2,No publ,False,True,True,True,True,Berlin,,large,Other,Interventional,Procedure,,66,Completed,None (Open Label),Randomized,True,False,True,False,2012-06-19,2012-07-01,2015-12-01,2015,2015-07-01,2015.0,,,,12,1260,1107.0,,,,,,,,False,False,,,False,False,,,,,,,,,,,0,False,,,,,,,,,,,,,,,,,,,
NCT01523938,ClinicalTrials.gov,True,2,No publ,False,True,True,True,True,Berlin,,large,Other,Interventional,Behavioral,,72,Terminated,None (Open Label),Randomized,True,False,True,False,2012-01-30,2012-03-01,2016-07-01,2016,2014-04-01,2014.0,,,,31,1614,792.0,,,,,,,,False,False,,,False,False,,,,,,,,,,,0,False,,,,,,,,,,,,,,,,,,,
NCT01466465,ClinicalTrials.gov,True,2,No publ,False,True,True,True,True,Berlin,,large,Other,Interventional,Drug,Phase 2,35,Completed,Double,Randomized,True,False,False,False,2011-11-01,2011-10-01,2015-01-01,2015,2015-01-01,2015.0,,,,-31,1157,1157.0,,,,,,,,False,False,,,False,False,,,,,,,,,,,1,False,,,,,,,,,,,,,,,,,,,
NCT01456702,ClinicalTrials.gov,True,2,No publ,False,True,True,True,True,Berlin,,large,Other,Interventional,Procedure,,300,Unknown status,None (Open Label),Randomized,True,False,True,False,2011-09-29,2014-10-01,2016-03-01,2016,2015-12-01,2015.0,,,,1098,1615,1524.0,,,,,,,,False,False,,,False,False,,,,,,,,,,,0,False,,,,,,,,,,,,,,,,,,,
NCT01413243,ClinicalTrials.gov,True,2,No publ,False,True,True,True,True,Berlin,,large,Other,Interventional,Drug,Phase 2,50,Terminated,Double,Randomized,True,False,True,False,2011-08-08,2012-09-01,2017-06-01,2017,2016-12-01,2016.0,,,,390,2124,1942.0,,,,,,,,False,False,,,False,False,,,,,,,,,,,0,False,,,,,,,,,,,,,,,,,,,
NCT01370044,ClinicalTrials.gov,True,2,No publ,False,True,True,True,True,Berlin,,large,Other,Interventional,Drug,Phase 2/Phase 3,96,Terminated,Double,Randomized,True,False,True,False,2011-05-20,2012-08-01,2015-06-01,2015,2015-06-01,2015.0,,,,439,1473,1473.0,,,,,,,,False,False,,,False,False,,,,,,,,,,,0,False,,,,,,,,,,,,,,,,,,,
NCT01357681,ClinicalTrials.gov,True,2,No publ,False,True,True,True,True,Berlin,,large,Other,Interventional,Drug,Phase 2,54,Completed,Quadruple,Randomized,True,True,True,False,2011-05-19,2011-09-01,2015-05-01,2015,2015-05-01,2015.0,,,,105,1443,1443.0,,,,,,,,False,False,,,False,False,,,,,,,,,,,1,False,,,,,,,,,,,,,,,,,,,
NCT01263977,ClinicalTrials.gov,True,2,No publ,False,True,True,True,True,Berlin,,large,Other,Interventional,Device,,60,Completed,None (Open Label),Randomized,True,False,True,False,2010-12-20,2010-12-01,2014-05-01,2014,2014-05-01,2014.0,,,,-19,1228,1228.0,,,,,,,,False,False,,,False,False,,,,,,,,,,,0,False,,,,,,,,,,,,,,,,,,,
NCT01259830,ClinicalTrials.gov,True,2,No publ,False,True,True,True,True,Berlin,,large,Other,Interventional,Drug,Phase 4,81,Terminated,Quadruple,Randomized,True,True,True,False,2010-12-13,2011-03-01,2014-04-01,2014,2014-04-01,2014.0,,,,78,1205,1205.0,,,,,,,,False,False,,,False,False,,,,,,,,,,,0,False,,,,,,,,,,,,,,,,,,,
NCT01258257,ClinicalTrials.gov,True,2,No publ,False,True,True,True,True,Berlin,,large,Other,Interventional,Procedure,Phase 3,300,Completed,Single,Randomized,True,False,True,False,2010-12-09,2011-01-01,2016-09-01,2016,2016-08-01,2016.0,,,,23,2093,2062.0,,,,,,,,False,False,,,False,False,,,,,,,,,,,0,False,,,,,,,,,,,,,,,,,,,
NCT01219231,ClinicalTrials.gov,True,2,No publ,False,True,True,True,True,Berlin,,large,Other,Interventional,Behavioral,Phase 4,46,Completed,Quadruple,Randomized,True,False,False,False,2010-10-12,2010-08-01,2015-01-01,2015,2015-01-01,2015.0,,,,-72,1542,1542.0,,,,,,,,False,False,,,False,False,,,,,,,,,,,0,False,,,,,,,,,,,,,,,,,,,
NCT01184430,ClinicalTrials.gov,True,2,No publ,False,True,True,True,True,Berlin,,large,Other,Interventional,Device,,40,Unknown status,None (Open Label),Randomized,True,False,True,False,2010-08-17,2013-08-01,2014-12-01,2014,2014-03-01,2014.0,,,,1080,1567,1292.0,,,,,,,,False,False,,,False,False,,,,,,,,,,,0,False,,,,,,,,,,,,,,,,,,,
NCT01006577,ClinicalTrials.gov,True,2,No publ,False,True,True,True,True,Berlin,,large,Other,Interventional,Procedure,,306,Unknown status,Double,Randomized,True,False,True,False,2009-10-19,2010-06-01,2015-10-01,2015,2015-07-01,2015.0,,,,225,2173,2081.0,,,,,,,,False,False,,,False,False,,,,,,,,,,,0,False,,,,,,,,,,,,,,,,,,,
NCT00951834,ClinicalTrials.gov,True,2,No publ,False,True,True,True,True,Berlin,,large,Other,Interventional,Drug,Phase 2/Phase 3,21,Completed,Quadruple,Randomized,True,True,True,False,2009-08-03,2009-10-01,2015-02-01,2015,2015-02-01,2015.0,,,,59,2008,2008.0,,,,,,,,False,False,,,False,False,,,,,,,,,,,0,False,,,,,,,,,,,,,,,,,,,
NCT00799890,ClinicalTrials.gov,True,2,No publ,False,True,True,True,True,Berlin,,large,Other,Interventional,Drug,Phase 2/Phase 3,61,Completed,Double,Randomized,True,False,True,False,2008-11-28,2009-05-01,2016-03-01,2016,2016-03-01,2016.0,,,,154,2650,2650.0,,,,,,,,False,False,,,False,False,,,,,,,,,,,0,False,,,,,,,,,,,,,,,,,,,
NCT02421172,ClinicalTrials.gov,True,2,No publ,False,True,True,True,True,Berlin,,large,Industry,Interventional,Biological,Phase 2,66,Completed,Double,Randomized,True,True,True,True,2015-03-18,2015-04-13,2016-11-23,2016,2016-11-23,2016.0,2017-11-21,363.0,363.0,26,616,616.0,,,,,,,,False,False,,,False,False,,,,,,,,,,,0,False,,,,,,,,,,,,,,,,,,,
NCT00996229,ClinicalTrials.gov,True,2,No publ,True,True,True,True,True,Berlin,,large,Other,Interventional,Behavioral,Phase 3,300,Unknown status,Single,Randomized,True,False,True,False,2009-10-14,2009-11-01,2014-02-01,2014,2013-12-01,2013.0,,,,18,1571,1509.0,,,,,,,,False,False,,,False,False,,,,,,,,,,,0,False,,,,,,,,,,,,,,,,,,,
NCT02632292,ClinicalTrials.gov,True,2,No publ,False,True,True,True,True,Schleswig-Holstein Berlin,,large,Other,Interventional,Device,,33,Terminated,Single,Randomized,True,False,True,False,2015-12-03,2016-01-01,2017-01-03,2017,2017-01-03,2017.0,,,,29,397,397.0,,,,,,,,False,False,,,False,False,,,,,,,,,,,0,False,,,,,,,,,,,,,,,,,,,
DRKS00005219,DRKS,True,2,No publ,False,True,True,True,True,Berlin,,large,Other,Interventional,Not given,,48,"Recruiting complete, follow-up complete",Blinded,Randomized controlled trial,True,False,False,False,2014-02-17,2013-08-09,2014-03-31,2014,,,,,,-192,42,,,,,,,,,False,False,,,False,False,,,,,,,,,,,1,False,,,,,,,,,,,,,,,,,,,
DRKS00009546,DRKS,True,2,No publ,False,True,True,True,True,Berlin,,large,Other,Interventional,Not given,,60,"Recruiting complete, follow-up complete",Open (masking not used),Single arm study,False,False,False,False,2015-11-09,2015-04-20,2016-03-26,2016,,,,,,-203,138,,,,,,,,,False,False,,,False,False,,,,,,,,,,,0,False,,,,,,,,,,,,,,,,,,,
DRKS00011552,DRKS,True,2,No publ,False,True,True,True,True,Berlin,,large,Other,Interventional,Not given,I,30,"Recruiting complete, follow-up complete",Open (masking not used),Single arm study,False,True,True,False,2017-01-23,2017-01-03,2017-05-19,2017,,,,,,-20,116,,,,,,,,,False,False,,,False,False,,,,,,,,,,,0,False,,,,,,,,,,,,,,,,,,,
DRKS00011584,DRKS,True,2,No publ,False,True,True,True,True,Berlin,,large,Other,Interventional,Not given,I,16,"Recruiting complete, follow-up complete",Open (masking not used),Other,False,False,True,True,2017-02-20,2017-03-28,2017-10-31,2017,,,,,,36,253,,,,,,,,,False,False,,,False,False,,,,,,,,,,,0,False,,,,,,,,,,,,,,,,,,,
DRKS00012665,DRKS,True,2,No publ,False,True,True,True,True,Berlin,,large,Other,Interventional,Not given,,50,"Recruiting complete, follow-up complete",Open (masking not used),Randomized controlled trial,True,False,False,False,2017-09-06,2017-08-21,2017-09-15,2017,,,,,,-16,9,,,,,,,,,False,False,,,False,False,,,,,,,,,,,0,False,,,,,,,,,,,,,,,,,,,
