id,registry,is_resolved,iv_version,identification_step,is_dupe,iv_completion,iv_status,iv_interventional,has_german_umc_lead,lead_cities,facility_cities,center_size,main_sponsor,study_type,intervention_type,phase,enrollment,recruitment_status,masking,allocation,is_randomized,is_multicentric,is_prospective,has_summary_results,registration_date,start_date,completion_date,completion_year,primary_completion_date,primary_completion_year,summary_results_date,days_cd_to_summary,days_pcd_to_summary,days_reg_to_start,days_reg_to_cd,days_reg_to_pcd,days_cd_to_publication,days_pcd_to_publication,days_reg_to_publication,doi,pmid,url,publication_date,has_publication,has_pmid,has_pubmed,has_ft_pdf,ft_pdf_doi,ft_pdf_pmid,has_iv_trn_abstract,has_iv_trn_secondary_id,has_iv_trn_ft_pdf,has_reg_pub_link,pmid_link,doi_link,reference_derived,n_crossreg_secondary_id,n_crossreg_abstract,n_crossreg_ft_pdf,n_crossreg_reg,has_doi,color,issn,journal,publisher,date
NCT02110043,ClinicalTrials.gov,TRUE,2,Publ found in Google search (no ID),FALSE,TRUE,TRUE,TRUE,TRUE,Berlin,NA,large,Other,Interventional,Device,NA,21,Unknown status,Double,Randomized,TRUE,FALSE,TRUE,FALSE,2014-02-13,2014-03-01,2017-10-01,2017,2017-08-01,2017,NA,NA,NA,16,1326,1265,947,1008,2273,10.3233/jad-191234,32280093,https://pubmed.ncbi.nlm.nih.gov/32280093/,2020-05-05,TRUE,TRUE,TRUE,TRUE,TRUE,FALSE,FALSE,FALSE,TRUE,FALSE,FALSE,FALSE,NA,0,0,1,0,TRUE,green,"1387-2877,1875-8908",Journal of Alzheimer's Disease,IOS Press,2020-05-05
NCT01865604,ClinicalTrials.gov,TRUE,2,Publ found in Google search (no ID),FALSE,TRUE,TRUE,TRUE,TRUE,Berlin,NA,large,Other,Interventional,Device,NA,60,Completed,Triple,Randomized,TRUE,FALSE,FALSE,FALSE,2012-12-18,2012-04-01,2014-03-01,2014,2014-03-01,2014,NA,NA,NA,-261,438,438,314,314,752,10.1212/wnl.0000000000001230,25576632,https://pubmed.ncbi.nlm.nih.gov/25576632/,2015-01-09,TRUE,TRUE,TRUE,TRUE,TRUE,FALSE,FALSE,FALSE,FALSE,FALSE,FALSE,FALSE,NA,0,0,0,0,TRUE,closed,"0028-3878,1526-632X",Neurology,Ovid Technologies (Wolters Kluwer Health),2015-01-09
NCT01791790,ClinicalTrials.gov,TRUE,2,Registry linked,FALSE,TRUE,TRUE,TRUE,TRUE,Berlin,NA,large,Other,Interventional,Device,NA,22,Unknown status,Triple,Randomized,TRUE,FALSE,FALSE,FALSE,2013-02-13,2013-01-01,2017-12-01,2017,2017-12-01,2017,NA,NA,NA,-43,1752,1752,-582,-582,1170,10.1016/j.brs.2016.04.016,27247261,https://pubmed.ncbi.nlm.nih.gov/27247261/,2016-04-28,TRUE,TRUE,TRUE,TRUE,TRUE,FALSE,FALSE,FALSE,FALSE,TRUE,TRUE,TRUE,FALSE,0,0,0,0,TRUE,closed,1935-861X,Brain Stimulation,Elsevier BV,2016-09-01
NCT01219244,ClinicalTrials.gov,TRUE,2,Registry linked,FALSE,TRUE,TRUE,TRUE,TRUE,Berlin,NA,large,Other,Interventional,Behavioral,Phase 2/Phase 3,330,Completed,Quadruple,Randomized,TRUE,FALSE,FALSE,FALSE,2010-10-12,2010-08-01,2016-12-01,2016,2016-07-01,2016,NA,NA,NA,-72,2242,2089,-427,-274,1815,10.1016/j.neuroimage.2015.09.050,26433119,https://pubmed.ncbi.nlm.nih.gov/26433119/,2015-10-01,TRUE,TRUE,TRUE,TRUE,TRUE,FALSE,FALSE,FALSE,FALSE,TRUE,TRUE,TRUE,FALSE,0,0,0,0,TRUE,closed,1053-8119,NeuroImage,Elsevier BV,2016-05-01
NCT01105143,ClinicalTrials.gov,TRUE,2,Publ found in Google ID search,TRUE,TRUE,TRUE,TRUE,TRUE,Berlin,NA,large,Other,Interventional,Behavioral,NA,81,Completed,None (Open Label),Randomized,TRUE,FALSE,TRUE,FALSE,2010-04-14,2012-03-01,2017-05-01,2017,2015-05-01,2015,NA,NA,NA,687,2574,1843,1157,1888,3731,10.4049/jimmunol.2000108,32482712,https://pubmed.ncbi.nlm.nih.gov/32482712/,2020-07-01,TRUE,TRUE,TRUE,TRUE,TRUE,FALSE,FALSE,FALSE,TRUE,FALSE,FALSE,FALSE,NA,0,0,0,0,TRUE,closed,"0022-1767,1550-6606",The Journal of Immunology,The American Association of Immunologists,2020-06-01
NCT00850629,ClinicalTrials.gov,TRUE,2,Registry linked,TRUE,TRUE,TRUE,TRUE,TRUE,Berlin,NA,large,Other,Interventional,Behavioral,NA,286,Completed,None (Open Label),Randomized,TRUE,FALSE,TRUE,FALSE,2009-02-17,2010-01-01,2016-01-01,2016,2015-12-01,2015,NA,NA,NA,318,2509,2478,161,192,2670,10.1186/s40608-016-0110-8,27298729,https://pubmed.ncbi.nlm.nih.gov/27298729/,2016-06-10,TRUE,TRUE,TRUE,TRUE,TRUE,FALSE,TRUE,TRUE,TRUE,TRUE,TRUE,TRUE,TRUE,0,0,0,0,TRUE,hybrid,2052-9538,BMC Obesity,Springer Science and Business Media LLC,2016-06-10
NCT00437307,ClinicalTrials.gov,TRUE,2,Publ found in Google search (no ID),TRUE,TRUE,TRUE,TRUE,TRUE,Berlin,NA,large,Other,Interventional,Drug,Phase 3,550,Completed,None (Open Label),Randomized,TRUE,FALSE,TRUE,FALSE,2007-02-19,2007-03-01,2015-06-01,2015,2013-07-01,2013,NA,NA,NA,10,3024,2324,147,847,3171,10.1093/annonc/mdw418,27789470,https://pubmed.ncbi.nlm.nih.gov/27789470/,2015-10-26,TRUE,TRUE,TRUE,TRUE,TRUE,FALSE,FALSE,FALSE,FALSE,FALSE,FALSE,FALSE,NA,0,0,1,0,TRUE,bronze,0923-7534,Annals of Oncology,Elsevier BV,2016-12-01
NCT02071615,ClinicalTrials.gov,TRUE,2,Publ found in Google search (no ID),FALSE,TRUE,TRUE,TRUE,TRUE,Berlin,NA,large,Other,Interventional,Drug,NA,48,Completed,Double,Randomized,TRUE,FALSE,FALSE,FALSE,2014-02-15,2013-08-01,2014-03-01,2014,2014-03-01,2014,NA,NA,NA,-198,14,14,2453,2453,2467,10.1007/s00213-020-05691-w,33201262,https://link.springer.com/article/10.1007/s00213-020-05691-w,2020-11-17,TRUE,TRUE,TRUE,TRUE,TRUE,FALSE,FALSE,FALSE,TRUE,FALSE,FALSE,FALSE,NA,0,0,0,2,TRUE,hybrid,"0033-3158,1432-2072",Psychopharmacology,Springer Science and Business Media LLC,2020-11-17
NCT01984788,ClinicalTrials.gov,TRUE,2,Publ found in Google ID search,FALSE,TRUE,TRUE,TRUE,TRUE,Berlin,NA,large,Industry,Interventional,Drug,Phase 2,24,Completed,Double,Randomized,TRUE,TRUE,TRUE,FALSE,2013-11-05,2013-11-01,2014-05-01,2014,2014-05-01,2014,NA,NA,NA,-4,177,177,854,854,1031,NA,NA,https://www.jacionline.org/article/s0091-6749(16)30270-6/pdf,2016-09-01,TRUE,FALSE,NA,NA,FALSE,FALSE,NA,NA,NA,NA,NA,NA,NA,NA,NA,NA,0,FALSE,NA,NA,NA,NA,NA
NCT01963793,ClinicalTrials.gov,TRUE,2,Publ found in Google search (no ID),FALSE,TRUE,TRUE,TRUE,TRUE,Berlin,NA,large,Industry,Interventional,Drug,Phase 2,20,Completed,Quadruple,Randomized,TRUE,FALSE,TRUE,FALSE,2013-09-18,2013-10-01,2014-07-01,2014,2014-07-01,2014,NA,NA,NA,13,286,286,1291,1291,1577,10.2340/00015555-2780,28853492,https://pubmed.ncbi.nlm.nih.gov/28853492/,2018-01-12,TRUE,TRUE,TRUE,TRUE,TRUE,FALSE,FALSE,FALSE,FALSE,FALSE,FALSE,FALSE,NA,0,0,0,0,TRUE,gold,0001-5555,Acta Dermato Venereologica,Acta Dermato-Venereologica,2018-01-01
NCT01914965,ClinicalTrials.gov,TRUE,2,Publ found in Google search (no ID),FALSE,TRUE,TRUE,TRUE,TRUE,Berlin Ulm Bochum Münster,NA,large,Other,Interventional,Drug,Phase 2,40,Completed,Triple,Randomized,TRUE,TRUE,FALSE,FALSE,2013-07-31,2012-06-01,2014-05-01,2014,2014-05-01,2014,NA,NA,NA,-425,274,274,1055,1055,1329,10.1371/journal.pone.0173872,28323838,https://www.ncbi.nlm.nih.gov/pmc/articles/pmc5360242/,2017-03-21,TRUE,TRUE,TRUE,TRUE,TRUE,FALSE,FALSE,FALSE,FALSE,FALSE,FALSE,FALSE,NA,0,0,1,1,TRUE,gold,1932-6203,PLOS ONE,Public Library of Science (PLoS),2017-03-21
NCT01845142,ClinicalTrials.gov,TRUE,2,Publ found in Google ID search,TRUE,TRUE,TRUE,TRUE,TRUE,Berlin,NA,large,Other,Interventional,Drug,Phase 4,40,Completed,Double,Randomized,TRUE,FALSE,FALSE,FALSE,2013-04-24,2013-02-01,2014-04-01,2014,2013-05-01,2013,NA,NA,NA,-82,342,7,1028,1363,1370,10.1371/journal.pone.0169620,28114352,https://www.ncbi.nlm.nih.gov/pmc/articles/pmc5256876/,2017-01-23,TRUE,TRUE,TRUE,TRUE,TRUE,FALSE,FALSE,FALSE,FALSE,FALSE,FALSE,FALSE,NA,0,0,0,1,TRUE,gold,1932-6203,PLOS ONE,Public Library of Science (PLoS),2017-01-23
NCT01600573,ClinicalTrials.gov,TRUE,2,Publ found in Google ID search,FALSE,TRUE,TRUE,TRUE,TRUE,Berlin,NA,large,Other,Interventional,Drug,Phase 1/Phase 2,68,Unknown status,None (Open Label),NA,NA,FALSE,TRUE,FALSE,2012-05-09,2012-05-01,2017-03-01,2017,2017-03-01,2017,NA,NA,NA,-8,1757,1757,457,457,2214,10.1200/jco.2018.36.15_suppl.e17553,NA,https://ascopubs.org/doi/abs/10.1200/jco.2018.36.15_suppl.e17553,2018-06-01,TRUE,FALSE,NA,NA,FALSE,FALSE,NA,NA,NA,FALSE,NA,FALSE,NA,NA,NA,NA,0,TRUE,closed,"0732-183X,1527-7755",Journal of Clinical Oncology,American Society of Clinical Oncology (ASCO),2018-05-20
NCT01221779,ClinicalTrials.gov,TRUE,2,Publ found in Google search (no ID),FALSE,TRUE,TRUE,TRUE,TRUE,Berlin,NA,large,Other,Interventional,Behavioral,Phase 2,40,Unknown status,Triple,Randomized,TRUE,FALSE,TRUE,FALSE,2010-10-13,2011-01-01,2014-12-01,2014,2014-08-01,2014,NA,NA,NA,80,1510,1388,442,564,1952,10.1093/brain/aww002,26912641,https://pubmed.ncbi.nlm.nih.gov/26912641/,2016-02-16,TRUE,TRUE,TRUE,TRUE,TRUE,FALSE,FALSE,FALSE,FALSE,FALSE,FALSE,FALSE,NA,0,0,0,0,TRUE,bronze,"0006-8950,1460-2156",Brain,Oxford University Press (OUP),2016-02-16
NCT01049100,ClinicalTrials.gov,TRUE,2,Publ found in Google search (no ID),TRUE,TRUE,TRUE,TRUE,TRUE,Berlin,NA,large,Other,Interventional,Procedure,NA,250,Unknown status,None (Open Label),Randomized,TRUE,TRUE,FALSE,FALSE,2010-01-13,2009-04-01,2017-04-01,2017,2013-04-01,2013,NA,NA,NA,-287,2635,1174,-529,932,2106,10.1016/j.ijrobp.2015.10.027,26853333,https://pubmed.ncbi.nlm.nih.gov/26853333/,2015-10-20,TRUE,TRUE,TRUE,TRUE,TRUE,FALSE,FALSE,FALSE,FALSE,FALSE,FALSE,FALSE,NA,0,0,0,0,TRUE,closed,0360-3016,International Journal of Radiation Oncology*Biology*Physics,Elsevier BV,2016-02-01
NCT01347567,ClinicalTrials.gov,TRUE,2,Publ found in Google search (no ID),FALSE,TRUE,TRUE,TRUE,TRUE,Berlin,NA,large,Industry,Interventional,Other,NA,145,Completed,Single,Randomized,TRUE,TRUE,FALSE,FALSE,2011-05-03,2011-04-01,2014-01-01,2014,2013-03-01,2013,NA,NA,NA,-32,974,668,1464,1770,2438,10.1002/ejhf.1053,29314505,https://onlinelibrary.wiley.com/doi/full/10.1002/ejhf.1053,2018-01-04,TRUE,TRUE,TRUE,TRUE,TRUE,FALSE,FALSE,FALSE,FALSE,FALSE,FALSE,FALSE,NA,0,0,0,0,TRUE,bronze,1388-9842,European Journal of Heart Failure,Wiley,2018-01-04
NCT03312816,ClinicalTrials.gov,TRUE,2,Publ found in Google ID search,FALSE,TRUE,TRUE,TRUE,TRUE,Berlin,NA,large,Industry,Interventional,Other,NA,60,Completed,Double,Randomized,TRUE,FALSE,TRUE,FALSE,2017-10-12,2017-10-16,2017-12-08,2017,2017-12-08,2017,NA,NA,NA,4,57,57,661,661,718,10.3390/nu11102319,31575059,https://www.ncbi.nlm.nih.gov/pmc/articles/pmc6835335/,2019-09-30,TRUE,TRUE,TRUE,TRUE,TRUE,FALSE,FALSE,FALSE,TRUE,FALSE,FALSE,FALSE,NA,0,0,0,0,TRUE,gold,2072-6643,Nutrients,MDPI AG,2019-09-30
NCT03281616,ClinicalTrials.gov,TRUE,2,Publ found in Google ID search,FALSE,TRUE,TRUE,TRUE,TRUE,Berlin,NA,large,Other,Interventional,Behavioral,NA,110,Completed,None (Open Label),Randomized,TRUE,TRUE,FALSE,FALSE,2017-09-11,2014-06-01,2015-09-30,2015,2015-06-30,2015,NA,NA,NA,-1198,-712,-804,1168,1260,456,10.1038/s41430-018-0371-z,30538299,https://www.nature.com/articles/s41430-018-0371-z,2018-12-11,TRUE,TRUE,TRUE,TRUE,TRUE,FALSE,FALSE,FALSE,TRUE,FALSE,FALSE,FALSE,NA,0,0,0,0,TRUE,closed,"0954-3007,1476-5640",European Journal of Clinical Nutrition,Springer Science and Business Media LLC,2018-12-11
NCT03114306,ClinicalTrials.gov,TRUE,2,Registry linked,FALSE,TRUE,TRUE,TRUE,TRUE,Berlin,NA,large,Other,Interventional,Procedure,NA,40,Completed,Double,Randomized,TRUE,FALSE,TRUE,FALSE,2017-03-27,2017-04-05,2017-08-30,2017,2017-08-30,2017,NA,NA,NA,9,156,156,579,579,735,10.1097/eja.0000000000000929,30562225,https://pubmed.ncbi.nlm.nih.gov/30562225/,2019-04-01,TRUE,TRUE,TRUE,TRUE,TRUE,FALSE,TRUE,TRUE,TRUE,TRUE,TRUE,FALSE,TRUE,0,0,0,0,TRUE,closed,0265-0215,European Journal of Anaesthesiology,Ovid Technologies (Wolters Kluwer Health),2019-04-01
NCT02963298,ClinicalTrials.gov,TRUE,2,Registry linked,FALSE,TRUE,TRUE,TRUE,TRUE,Berlin,NA,large,Other,Interventional,Procedure,NA,42,Completed,None (Open Label),Randomized,TRUE,FALSE,TRUE,FALSE,2016-10-11,2016-10-01,2017-09-06,2017,2017-09-06,2017,NA,NA,NA,-10,330,330,747,747,1077,10.1016/j.resuscitation.2019.09.020,31557520,https://pubmed.ncbi.nlm.nih.gov/31557520/,2019-09-23,TRUE,TRUE,TRUE,TRUE,TRUE,FALSE,TRUE,TRUE,TRUE,TRUE,TRUE,TRUE,TRUE,0,0,0,0,TRUE,closed,0300-9572,Resuscitation,Elsevier BV,2019-11-01
NCT02947542,ClinicalTrials.gov,TRUE,2,Publ found in Google ID search,FALSE,TRUE,TRUE,TRUE,TRUE,Berlin,NA,large,Other,Interventional,Device,NA,300,Completed,None (Open Label),Randomized,TRUE,FALSE,FALSE,FALSE,2016-10-18,2016-04-01,2016-12-01,2016,2016-11-01,2016,NA,NA,NA,-200,44,14,627,657,671,10.1016/j.amjcard.2018.07.039,30217374,https://www.sciencedirect.com/science/article/abs/pii/s0002914918316230,2018-08-20,TRUE,TRUE,TRUE,TRUE,TRUE,FALSE,FALSE,FALSE,TRUE,FALSE,FALSE,FALSE,NA,0,0,0,0,TRUE,closed,0002-9149,The American Journal of Cardiology,Elsevier BV,2018-11-01
NCT02930590,ClinicalTrials.gov,TRUE,2,Publ found in Google search (no ID),FALSE,TRUE,TRUE,TRUE,TRUE,Berlin,NA,large,Other,Interventional,Other,NA,15,Completed,None (Open Label),Randomized,TRUE,FALSE,TRUE,TRUE,2016-09-26,2016-09-01,2017-03-01,2017,2017-03-01,2017,2017-09-14,197,197,-25,156,156,300,300,456,10.1111/iwj.12883,29277963,https://onlinelibrary.wiley.com/doi/abs/10.1111/iwj.12883,2017-12-26,TRUE,TRUE,TRUE,TRUE,TRUE,FALSE,FALSE,FALSE,TRUE,FALSE,FALSE,FALSE,NA,0,0,0,0,TRUE,closed,1742-4801,International Wound Journal,Wiley,2017-12-26
NCT02896062,ClinicalTrials.gov,TRUE,2,Registry linked,FALSE,TRUE,TRUE,TRUE,TRUE,Berlin,NA,large,Other,Interventional,Behavioral,NA,48,Completed,None (Open Label),Randomized,TRUE,FALSE,FALSE,FALSE,2016-08-31,2014-10-01,2017-11-01,2017,2016-10-01,2016,NA,NA,NA,-700,427,31,503,899,930,10.5664/jcsm.7666,30853042,https://pubmed.ncbi.nlm.nih.gov/30853042/,2019-03-19,TRUE,TRUE,TRUE,TRUE,TRUE,FALSE,TRUE,TRUE,FALSE,TRUE,TRUE,TRUE,TRUE,0,0,0,0,TRUE,green,"1550-9389,1550-9397",Journal of Clinical Sleep Medicine,American Academy of Sleep Medicine (AASM),2019-03-15
NCT02893800,ClinicalTrials.gov,TRUE,2,Publ found in Google ID search,FALSE,TRUE,TRUE,TRUE,TRUE,Berlin,NA,large,Other,Interventional,Device,NA,40,Completed,None (Open Label),Randomized,TRUE,FALSE,FALSE,FALSE,2016-08-29,2016-06-01,2016-11-01,2016,2016-11-01,2016,NA,NA,NA,-89,64,64,738,738,802,10.1016/j.trci.2018.10.002,30519629,https://www.sciencedirect.com/science/article/pii/s2352873718300635,2018-11-09,TRUE,TRUE,TRUE,TRUE,TRUE,FALSE,FALSE,FALSE,TRUE,FALSE,FALSE,FALSE,NA,0,0,0,0,TRUE,gold,"2352-8737,2352-8737",Alzheimer's & Dementia: Translational Research & Clinical Interventions,Wiley,2018-01-01
NCT02794272,ClinicalTrials.gov,TRUE,2,Publ found in Google search (no ID),FALSE,TRUE,TRUE,TRUE,TRUE,Berlin,NA,large,Other,Interventional,Device,NA,24,Completed,Single,Randomized,TRUE,FALSE,TRUE,FALSE,2016-04-05,2016-04-01,2016-08-01,2016,2016-07-01,2016,NA,NA,NA,-4,118,87,254,285,372,10.1523/jneurosci.0079-17.2017,28314813,https://www.ncbi.nlm.nih.gov/pmc/articles/pmc6596583/,2017-04-12,TRUE,TRUE,TRUE,TRUE,TRUE,FALSE,FALSE,FALSE,FALSE,FALSE,FALSE,FALSE,NA,0,0,0,0,TRUE,green,"0270-6474,1529-2401",The Journal of Neuroscience,Society for Neuroscience,2017-03-17
NCT02794259,ClinicalTrials.gov,TRUE,2,Publ found in Google search (no ID),FALSE,TRUE,TRUE,TRUE,TRUE,Berlin,NA,large,Other,Interventional,Device,NA,24,Completed,Single,Randomized,TRUE,FALSE,TRUE,FALSE,2016-04-05,2016-04-01,2016-08-01,2016,2016-07-01,2016,NA,NA,NA,-4,118,87,254,285,372,10.1523/jneurosci.0079-17.2017,28314813,https://www.ncbi.nlm.nih.gov/pmc/articles/pmc6596583/,2017-04-12,TRUE,TRUE,TRUE,TRUE,TRUE,FALSE,FALSE,FALSE,FALSE,FALSE,FALSE,FALSE,NA,0,0,0,0,TRUE,green,"0270-6474,1529-2401",The Journal of Neuroscience,Society for Neuroscience,2017-03-17
NCT02755246,ClinicalTrials.gov,TRUE,2,Registry linked,FALSE,TRUE,TRUE,TRUE,TRUE,Berlin,NA,large,Other,Interventional,Dietary Supplement,Phase 2,30,Completed,Triple,Randomized,TRUE,FALSE,TRUE,FALSE,2016-04-05,2016-04-01,2016-09-01,2016,2016-08-01,2016,NA,NA,NA,-4,149,118,763,794,912,10.1016/j.cortex.2018.09.014,30388439,https://pubmed.ncbi.nlm.nih.gov/30388439/,2018-10-04,TRUE,TRUE,TRUE,TRUE,TRUE,FALSE,TRUE,TRUE,TRUE,TRUE,TRUE,TRUE,FALSE,0,0,1,0,TRUE,closed,0010-9452,Cortex,Elsevier BV,2018-12-01
NCT02741973,ClinicalTrials.gov,TRUE,2,Publ found in Google ID search,FALSE,TRUE,TRUE,TRUE,TRUE,Berlin,NA,large,Other,Interventional,Other,NA,102,Completed,None (Open Label),Non-Randomized,FALSE,FALSE,TRUE,FALSE,2016-03-23,2016-03-01,2016-12-01,2016,2016-12-01,2016,NA,NA,NA,-22,253,253,1077,1077,1330,10.1016/j.ctim.2019.102243,31987242,https://www.sciencedirect.com/science/article/pii/s0965229919301530,2019-11-13,TRUE,TRUE,TRUE,TRUE,TRUE,FALSE,FALSE,FALSE,TRUE,FALSE,FALSE,FALSE,NA,0,0,0,0,TRUE,closed,0965-2299,Complementary Therapies in Medicine,Elsevier BV,2020-01-01
NCT02720952,ClinicalTrials.gov,TRUE,2,Publ found in Google ID search,FALSE,TRUE,TRUE,TRUE,TRUE,Berlin,NA,large,Industry,Interventional,Drug,Phase 3,24,Completed,None (Open Label),NA,NA,FALSE,FALSE,TRUE,2016-03-16,2015-03-01,2016-07-01,2016,2016-07-01,2016,2017-02-28,242,242,-381,107,107,411,411,518,10.1111/cen.13447,28815660,https://onlinelibrary.wiley.com/doi/full/10.1111/cen.13447,2017-08-16,TRUE,TRUE,TRUE,TRUE,TRUE,FALSE,FALSE,FALSE,TRUE,FALSE,FALSE,FALSE,NA,0,0,3,0,TRUE,hybrid,0300-0664,Clinical Endocrinology,Wiley,2017-09-07
NCT02685696,ClinicalTrials.gov,TRUE,2,Publ found in Google search (no ID),FALSE,TRUE,TRUE,TRUE,TRUE,Berlin,NA,large,Other,Interventional,Device,NA,200,Completed,None (Open Label),Randomized,TRUE,TRUE,FALSE,FALSE,2016-02-08,2013-10-01,2016-02-01,2016,2016-02-01,2016,NA,NA,NA,-860,-7,-7,289,289,282,10.17169/refubium-13320,NA,https://refubium.fu-berlin.de/handle/fub188/9121,2016-11-16,TRUE,FALSE,NA,NA,FALSE,FALSE,NA,NA,NA,FALSE,NA,FALSE,NA,NA,NA,NA,0,TRUE,,,,,
NCT02664805,ClinicalTrials.gov,TRUE,2,Publ found in Google ID search,FALSE,TRUE,TRUE,TRUE,TRUE,Berlin,NA,large,Industry,Interventional,Drug,Phase 2,91,Completed,Quadruple,Randomized,TRUE,FALSE,TRUE,FALSE,2016-01-22,2016-02-01,2016-10-01,2016,2016-07-01,2016,NA,NA,NA,10,253,161,1062,1154,1315,10.1111/bjd.18469,31466119,https://onlinelibrary.wiley.com/doi/full/10.1111/bjd.18469,2019-08-29,TRUE,TRUE,TRUE,TRUE,TRUE,FALSE,FALSE,FALSE,TRUE,FALSE,FALSE,FALSE,NA,0,0,0,1,TRUE,hybrid,"0007-0963,1365-2133",British Journal of Dermatology,Wiley,2019-11-08
NCT02658370,ClinicalTrials.gov,TRUE,2,Registry linked,FALSE,TRUE,TRUE,TRUE,TRUE,Berlin,NA,large,Other,Interventional,Device,NA,30,Completed,None (Open Label),Non-Randomized,FALSE,TRUE,FALSE,FALSE,2016-01-13,2011-08-01,2014-07-01,2014,2014-07-01,2014,NA,NA,NA,-1626,-561,-561,779,779,218,10.1186/s12891-016-1208-3,27538847,https://pubmed.ncbi.nlm.nih.gov/27538847/,2016-08-18,TRUE,TRUE,TRUE,TRUE,TRUE,FALSE,TRUE,TRUE,FALSE,TRUE,TRUE,TRUE,TRUE,0,0,0,0,TRUE,gold,1471-2474,BMC Musculoskeletal Disorders,Springer Science and Business Media LLC,2016-08-18
NCT02569619,ClinicalTrials.gov,TRUE,2,Publ found in Google ID search,FALSE,TRUE,TRUE,TRUE,TRUE,Berlin,NA,large,Other,Interventional,Behavioral,Phase 2,86,Completed,None (Open Label),Randomized,TRUE,FALSE,FALSE,FALSE,2015-10-02,2014-04-01,2016-03-01,2016,2016-03-01,2016,NA,NA,NA,-549,151,151,921,921,1072,10.1007/s00406-018-0941-z,30194668,https://link.springer.com/article/10.1007/s00406-018-0941-z,2018-09-08,TRUE,TRUE,TRUE,TRUE,TRUE,FALSE,FALSE,FALSE,TRUE,FALSE,FALSE,FALSE,NA,0,0,0,0,TRUE,closed,"0940-1334,1433-8491",European Archives of Psychiatry and Clinical Neuroscience,Springer Science and Business Media LLC,2018-09-08
NCT02566369,ClinicalTrials.gov,TRUE,2,Publ found in Google search (no ID),FALSE,TRUE,TRUE,TRUE,TRUE,Berlin,NA,large,Industry,Interventional,Drug,Phase 3,1208,Completed,Quadruple,Randomized,TRUE,TRUE,TRUE,TRUE,2015-10-01,2015-11-30,2017-11-14,2017,2017-11-14,2017,2019-04-18,520,520,60,775,775,465,465,1240,10.1016/j.jaad.2019.02.044,30802558,https://pubmed.ncbi.nlm.nih.gov/30802558/,2019-02-22,TRUE,TRUE,TRUE,TRUE,TRUE,FALSE,FALSE,FALSE,TRUE,FALSE,FALSE,FALSE,NA,0,0,3,0,TRUE,hybrid,0190-9622,Journal of the American Academy of Dermatology,Elsevier BV,2019-06-01
NCT02557698,ClinicalTrials.gov,TRUE,2,Registry linked,FALSE,TRUE,TRUE,TRUE,TRUE,Berlin,NA,large,Other,Interventional,Other,NA,60,Completed,None (Open Label),Randomized,TRUE,FALSE,FALSE,TRUE,2015-09-21,2014-11-01,2015-09-01,2015,2015-04-01,2015,2017-01-18,505,658,-324,-20,-173,421,574,401,10.1016/j.ijnurstu.2016.10.010,27815985,https://pubmed.ncbi.nlm.nih.gov/27815985/,2016-10-26,TRUE,TRUE,TRUE,TRUE,TRUE,FALSE,TRUE,TRUE,TRUE,TRUE,TRUE,TRUE,TRUE,0,0,0,0,TRUE,closed,0020-7489,International Journal of Nursing Studies,Elsevier BV,2017-01-01
NCT02552654,ClinicalTrials.gov,TRUE,2,Publ found in Google search (no ID),FALSE,TRUE,TRUE,TRUE,TRUE,Berlin,NA,large,Other,Interventional,Behavioral,NA,60,Completed,Double,Randomized,TRUE,TRUE,TRUE,FALSE,2015-09-16,2015-09-01,2016-01-01,2016,2015-11-01,2015,NA,NA,NA,-15,107,46,225,286,332,10.1016/j.jpsychires.2016.08.005,27569651,https://pubmed.ncbi.nlm.nih.gov/27569651/,2016-08-13,TRUE,TRUE,TRUE,TRUE,TRUE,FALSE,FALSE,FALSE,FALSE,FALSE,FALSE,FALSE,NA,0,0,0,0,TRUE,closed,0022-3956,Journal of Psychiatric Research,Elsevier BV,2016-12-01
NCT02541071,ClinicalTrials.gov,TRUE,2,Publ found in Google search (no ID),FALSE,TRUE,TRUE,TRUE,TRUE,Berlin,NA,large,Other,Interventional,Behavioral,NA,118,Completed,Double,Randomized,TRUE,FALSE,FALSE,FALSE,2015-08-06,2013-11-01,2014-10-01,2014,2014-10-01,2014,NA,NA,NA,-643,-309,-309,631,631,322,10.1017/s0033291716001379,27335220,https://www.cambridge.org/core/journals/psychological-medicine/article/influence-of-the-noradrenergic-system-on-the-formation-of-intrusive-memories-in-women-an-experimental-approach-with-a-trauma-film-paradigm/1116b707f29736d26005865acaa9ff27,2016-06-23,TRUE,TRUE,TRUE,TRUE,TRUE,FALSE,FALSE,FALSE,FALSE,FALSE,FALSE,FALSE,NA,0,0,0,0,TRUE,green,"0033-2917,1469-8978",Psychological Medicine,Cambridge University Press (CUP),2016-06-23
NCT02453906,ClinicalTrials.gov,TRUE,2,Registry linked,FALSE,TRUE,TRUE,TRUE,TRUE,Berlin,NA,large,Other,Interventional,Other,NA,29,Completed,Single,Randomized,TRUE,FALSE,TRUE,FALSE,2015-04-29,2015-05-01,2015-09-01,2015,2015-09-01,2015,NA,NA,NA,2,125,125,1287,1287,1412,10.3389/fnins.2019.00147,30914909,https://pubmed.ncbi.nlm.nih.gov/30914909/,2019-03-11,TRUE,TRUE,TRUE,TRUE,TRUE,FALSE,TRUE,TRUE,TRUE,TRUE,TRUE,TRUE,TRUE,0,0,0,0,TRUE,gold,1662-453X,Frontiers in Neuroscience,Frontiers Media SA,2019-03-11
NCT02371434,ClinicalTrials.gov,TRUE,2,Registry linked,FALSE,TRUE,TRUE,TRUE,TRUE,Berlin,NA,large,Other,Interventional,Biological,Phase 1/Phase 2,17,Completed,None (Open Label),NA,NA,FALSE,TRUE,FALSE,2015-02-18,2015-02-01,2017-11-01,2017,2017-11-01,2017,NA,NA,NA,-17,987,987,934,934,1921,10.1016/s0140-6736(20)30167-7,32446407,https://www.thelancet.com/journals/lancet/article/piis0140-6736(20)30167-7/fulltext,2020-05-23,TRUE,TRUE,TRUE,TRUE,TRUE,FALSE,TRUE,TRUE,TRUE,TRUE,TRUE,FALSE,TRUE,5,5,8,0,TRUE,green,0140-6736,The Lancet,Elsevier BV,2020-05-01
NCT02364219,ClinicalTrials.gov,TRUE,2,Registry linked,FALSE,TRUE,TRUE,TRUE,TRUE,Berlin,NA,large,Other,Interventional,Other,NA,48,Unknown status,None (Open Label),Randomized,TRUE,FALSE,TRUE,FALSE,2015-01-20,2015-02-01,2016-05-01,2016,2016-02-01,2016,NA,NA,NA,12,467,377,1208,1298,1675,10.1186/s12871-019-0828-1,31438849,https://pubmed.ncbi.nlm.nih.gov/31438849/,2019-08-22,TRUE,TRUE,TRUE,TRUE,TRUE,FALSE,TRUE,TRUE,TRUE,TRUE,TRUE,TRUE,TRUE,0,0,0,0,TRUE,gold,1471-2253,BMC Anesthesiology,Springer Science and Business Media LLC,2019-08-22
NCT02340299,ClinicalTrials.gov,TRUE,2,Registry linked,FALSE,TRUE,TRUE,TRUE,TRUE,Berlin,NA,large,Other,Interventional,Device,NA,6,Terminated,None (Open Label),Randomized,TRUE,FALSE,TRUE,TRUE,2015-01-10,2015-01-01,2017-12-31,2017,2017-12-31,2017,2019-05-06,491,491,-9,1086,1086,480,480,1566,10.1186/s13104-019-4268-2,31023363,https://pubmed.ncbi.nlm.nih.gov/31023363/,2019-04-25,TRUE,TRUE,TRUE,TRUE,TRUE,FALSE,TRUE,TRUE,FALSE,TRUE,TRUE,TRUE,TRUE,0,0,0,0,TRUE,gold,1756-0500,BMC Research Notes,Springer Science and Business Media LLC,2019-04-25
NCT02338388,ClinicalTrials.gov,TRUE,2,Registry linked,FALSE,TRUE,TRUE,TRUE,TRUE,Berlin,NA,large,Other,Interventional,Procedure,NA,435,Completed,Single,Randomized,TRUE,TRUE,FALSE,FALSE,2015-01-12,2012-01-01,2014-08-01,2014,2014-04-01,2014,NA,NA,NA,-1107,-164,-286,1147,1269,983,10.1111/aogs.13213,28832909,https://pubmed.ncbi.nlm.nih.gov/28832909/,2017-09-21,TRUE,TRUE,TRUE,TRUE,TRUE,FALSE,TRUE,TRUE,TRUE,TRUE,TRUE,TRUE,TRUE,0,0,0,0,TRUE,bronze,0001-6349,Acta Obstetricia et Gynecologica Scandinavica,Wiley,2017-09-21
NCT02299089,ClinicalTrials.gov,TRUE,2,Registry linked,FALSE,TRUE,TRUE,TRUE,TRUE,Berlin,NA,large,Industry,Interventional,Drug,Phase 2,12,Completed,None (Open Label),Randomized,TRUE,TRUE,TRUE,TRUE,2014-11-17,2015-01-01,2016-06-01,2016,2016-05-01,2016,2017-02-01,245,276,45,562,531,920,951,1482,10.1007/s00280-018-3734-1,30535537,https://pubmed.ncbi.nlm.nih.gov/30535537/,2018-12-08,TRUE,TRUE,TRUE,TRUE,TRUE,FALSE,TRUE,TRUE,TRUE,TRUE,TRUE,TRUE,TRUE,0,0,0,0,TRUE,closed,"0344-5704,1432-0843",Cancer Chemotherapy and Pharmacology,Springer Science and Business Media LLC,2018-12-08
NCT02296372,ClinicalTrials.gov,TRUE,2,Registry linked,FALSE,TRUE,TRUE,TRUE,TRUE,Berlin,NA,large,Other,Interventional,Device,NA,20,Completed,None (Open Label),Non-Randomized,FALSE,FALSE,TRUE,FALSE,2014-11-04,2014-11-01,2016-06-01,2016,2016-04-01,2016,NA,NA,NA,-3,575,514,50,111,625,10.1186/s13613-016-0167-z,27439710,https://pubmed.ncbi.nlm.nih.gov/27439710/,2016-07-21,TRUE,TRUE,TRUE,TRUE,TRUE,FALSE,TRUE,TRUE,TRUE,TRUE,TRUE,TRUE,FALSE,0,0,0,0,TRUE,gold,2110-5820,Annals of Intensive Care,Springer Science and Business Media LLC,2016-07-21
NCT02253056,ClinicalTrials.gov,TRUE,2,Publ found in Google ID search,FALSE,TRUE,TRUE,TRUE,TRUE,Berlin,NA,large,Other,Interventional,Other,NA,36,Completed,None (Open Label),Non-Randomized,FALSE,FALSE,TRUE,FALSE,2014-09-19,2014-09-01,2015-03-01,2015,2015-03-01,2015,NA,NA,NA,-18,163,163,895,895,1058,10.1016/j.nut.2017.08.004,29031771,https://www.sciencedirect.com/science/article/abs/pii/s0899900717301715?via%3dihub,2017-08-12,TRUE,TRUE,TRUE,TRUE,TRUE,FALSE,FALSE,FALSE,FALSE,FALSE,FALSE,FALSE,NA,0,0,0,0,TRUE,closed,0899-9007,Nutrition,Elsevier BV,2018-02-01
NCT02251535,ClinicalTrials.gov,TRUE,2,Publ found in Google search (no ID),FALSE,TRUE,TRUE,TRUE,TRUE,Berlin,NA,large,Other,Interventional,Device,NA,30,Unknown status,None (Open Label),Non-Randomized,FALSE,FALSE,FALSE,FALSE,2014-09-23,2014-07-01,2015-09-01,2015,2015-04-01,2015,NA,NA,NA,-84,343,190,665,818,1008,10.1007/s00167-017-4622-7,28656456,https://link.springer.com/article/10.1007/s00167-017-4622-7#additional-information,2017-06-27,TRUE,TRUE,TRUE,TRUE,TRUE,FALSE,FALSE,FALSE,TRUE,FALSE,FALSE,FALSE,NA,0,0,0,0,TRUE,closed,"0942-2056,1433-7347","Knee Surgery, Sports Traumatology, Arthroscopy",Springer Science and Business Media LLC,2017-06-27
NCT02223091,ClinicalTrials.gov,TRUE,2,Registry linked,FALSE,TRUE,TRUE,TRUE,TRUE,Berlin,NA,large,Other,Interventional,Behavioral,NA,137,Completed,Single,Randomized,TRUE,TRUE,TRUE,FALSE,2014-07-02,2014-09-01,2015-03-01,2015,2015-02-01,2015,NA,NA,NA,61,242,214,614,642,856,10.1186/s12885-016-2884-y,27809814,https://pubmed.ncbi.nlm.nih.gov/27809814/,2016-11-04,TRUE,TRUE,TRUE,TRUE,TRUE,FALSE,TRUE,TRUE,TRUE,TRUE,TRUE,FALSE,TRUE,0,0,0,0,TRUE,gold,1471-2407,BMC Cancer,Springer Science and Business Media LLC,2016-11-04
NCT02216526,ClinicalTrials.gov,TRUE,2,Registry linked,FALSE,TRUE,TRUE,TRUE,TRUE,Berlin,NA,large,Other,Interventional,Other,NA,133,Completed,Single,Randomized,TRUE,FALSE,TRUE,TRUE,2014-08-11,2014-09-01,2015-04-01,2015,2015-04-01,2015,2017-04-27,757,757,21,233,233,678,678,911,10.1016/j.ijnurstu.2017.02.006,28214613,https://pubmed.ncbi.nlm.nih.gov/28214613/,2017-02-07,TRUE,TRUE,TRUE,TRUE,TRUE,FALSE,TRUE,TRUE,TRUE,TRUE,TRUE,TRUE,TRUE,0,0,0,0,TRUE,closed,0020-7489,International Journal of Nursing Studies,Elsevier BV,2017-05-01
NCT02213367,ClinicalTrials.gov,TRUE,2,Publ found in Google search (no ID),FALSE,TRUE,TRUE,TRUE,TRUE,Berlin,NA,large,Other,Interventional,Drug,Phase 3,30,Completed,None (Open Label),Randomized,TRUE,FALSE,FALSE,FALSE,2014-08-08,2014-07-01,2016-03-01,2016,2016-03-01,2016,NA,NA,NA,-38,571,571,826,826,1397,10.1111/all.13494,29869790,https://onlinelibrary.wiley.com/doi/epdf/10.1111/all.13494,2018-06-05,TRUE,TRUE,TRUE,TRUE,TRUE,FALSE,FALSE,FALSE,FALSE,FALSE,FALSE,FALSE,NA,0,0,0,0,TRUE,closed,0105-4538,Allergy,Wiley,2018-07-17
NCT02169115,ClinicalTrials.gov,TRUE,2,Registry linked,FALSE,TRUE,TRUE,TRUE,TRUE,Berlin,NA,large,Other,Interventional,Drug,Phase 2,61,Completed,Double,Randomized,TRUE,TRUE,FALSE,TRUE,2014-06-12,2012-12-01,2014-12-01,2014,2014-12-01,2014,2015-10-28,331,331,-558,172,172,855,855,1027,10.1016/j.jaci.2017.01.042,28389391,https://pubmed.ncbi.nlm.nih.gov/28389391/,2017-04-04,TRUE,TRUE,TRUE,TRUE,TRUE,FALSE,FALSE,TRUE,TRUE,TRUE,TRUE,TRUE,TRUE,1,0,1,1,TRUE,bronze,0091-6749,Journal of Allergy and Clinical Immunology,Elsevier BV,2017-09-01
NCT02110407,ClinicalTrials.gov,TRUE,2,Publ found in Google search (no ID),FALSE,TRUE,TRUE,TRUE,TRUE,Berlin,NA,large,Other,Interventional,Device,NA,24,Completed,Double,Randomized,TRUE,FALSE,TRUE,FALSE,2014-02-13,2014-03-01,2017-05-01,2017,2017-01-01,2017,NA,NA,NA,16,1173,1053,-222,-102,951,10.1038/npp.2016.170,27555381,https://www.ncbi.nlm.nih.gov/pmc/articles/pmc5399237/,2016-09-21,TRUE,TRUE,TRUE,TRUE,TRUE,FALSE,FALSE,FALSE,FALSE,FALSE,FALSE,FALSE,NA,0,0,1,0,TRUE,green,"0893-133X,1740-634X",Neuropsychopharmacology,Springer Science and Business Media LLC,2016-08-24
NCT02110056,ClinicalTrials.gov,TRUE,2,Registry linked,FALSE,TRUE,TRUE,TRUE,TRUE,Berlin,NA,large,Other,Interventional,Device,NA,32,Completed,Double,Randomized,TRUE,FALSE,TRUE,FALSE,2014-02-13,2014-03-01,2015-11-01,2015,2015-11-01,2015,NA,NA,NA,16,626,626,142,142,768,10.3389/fnagi.2016.00061,27047376,https://pubmed.ncbi.nlm.nih.gov/27047376/,2016-03-22,TRUE,TRUE,TRUE,TRUE,TRUE,FALSE,FALSE,FALSE,FALSE,TRUE,TRUE,TRUE,FALSE,0,0,0,0,TRUE,gold,1663-4365,Frontiers in Aging Neuroscience,Frontiers Media SA,2016-03-22
NCT02092974,ClinicalTrials.gov,TRUE,2,Registry linked,FALSE,TRUE,TRUE,TRUE,TRUE,Berlin,NA,large,Other,Interventional,Procedure,Phase 1,40,Completed,Triple,Randomized,TRUE,FALSE,TRUE,FALSE,2014-03-19,2014-04-01,2014-12-01,2014,2014-12-01,2014,NA,NA,NA,13,257,257,632,632,889,10.1038/npp.2016.170,27555381,https://pubmed.ncbi.nlm.nih.gov/27555381/,2016-08-24,TRUE,TRUE,TRUE,TRUE,TRUE,FALSE,FALSE,FALSE,TRUE,TRUE,TRUE,TRUE,FALSE,0,0,1,0,TRUE,green,"0893-133X,1740-634X",Neuropsychopharmacology,Springer Science and Business Media LLC,2016-08-24
NCT02090686,ClinicalTrials.gov,TRUE,2,Registry linked,FALSE,TRUE,TRUE,TRUE,TRUE,Berlin,NA,large,Other,Interventional,Device,NA,110,Completed,Single,Randomized,TRUE,FALSE,TRUE,FALSE,2014-03-17,2014-03-01,2015-02-28,2015,2014-10-01,2014,NA,NA,NA,-16,348,198,1129,1279,1477,10.1186/s12906-018-2187-8,29609566,https://pubmed.ncbi.nlm.nih.gov/29609566/,2018-04-02,TRUE,TRUE,TRUE,TRUE,TRUE,FALSE,TRUE,TRUE,FALSE,TRUE,TRUE,TRUE,TRUE,0,0,0,0,TRUE,gold,1472-6882,BMC Complementary and Alternative Medicine,Springer Science and Business Media LLC,2018-04-02
NCT02052960,ClinicalTrials.gov,TRUE,2,Publ found in Google ID search,FALSE,TRUE,TRUE,TRUE,TRUE,Berlin,NA,large,Industry,Interventional,Drug,Phase 2,240,Completed,None (Open Label),Randomized,TRUE,TRUE,TRUE,FALSE,2014-01-27,2014-02-01,2017-10-04,2017,2017-08-28,2017,NA,NA,NA,5,1346,1309,145,182,1491,10.1200/jco.2018.36.5_suppl.61,NA,https://ascopubs.org/doi/abs/10.1200/jco.2018.36.5_suppl.61,2018-02-26,TRUE,FALSE,NA,NA,FALSE,FALSE,NA,NA,NA,FALSE,NA,FALSE,NA,NA,NA,NA,1,TRUE,closed,"0732-183X,1527-7755",Journal of Clinical Oncology,American Society of Clinical Oncology (ASCO),2018-02-10
NCT01966783,ClinicalTrials.gov,TRUE,2,Publ found in Google ID search,FALSE,TRUE,TRUE,TRUE,TRUE,Berlin,NA,large,Industry,Interventional,Drug,Phase 2,320,Completed,Quadruple,Randomized,TRUE,TRUE,FALSE,FALSE,2013-10-09,2013-09-01,2015-08-01,2015,2015-08-01,2015,NA,NA,NA,-38,661,661,997,997,1658,10.1016/j.cgh.2018.04.027,29702300,https://pubmed.ncbi.nlm.nih.gov/29702300/,2018-04-24,TRUE,TRUE,TRUE,TRUE,TRUE,FALSE,FALSE,FALSE,FALSE,TRUE,TRUE,TRUE,FALSE,1,1,1,1,TRUE,hybrid,1542-3565,Clinical Gastroenterology and Hepatology,Elsevier BV,2019-01-01
NCT01954836,ClinicalTrials.gov,TRUE,2,Registry linked,FALSE,TRUE,TRUE,TRUE,TRUE,Berlin,NA,large,Other,Interventional,Behavioral,NA,50,Completed,Single,Randomized,TRUE,TRUE,TRUE,FALSE,2013-09-29,2013-10-01,2015-03-01,2015,2015-03-01,2015,NA,NA,NA,2,518,518,1153,1153,1671,10.1186/s12885-018-4353-2,29699509,https://pubmed.ncbi.nlm.nih.gov/29699509/,2018-04-27,TRUE,TRUE,TRUE,TRUE,TRUE,FALSE,TRUE,TRUE,FALSE,TRUE,TRUE,TRUE,TRUE,0,0,0,0,TRUE,gold,1471-2407,BMC Cancer,Springer Science and Business Media LLC,2018-04-27
NCT01953549,ClinicalTrials.gov,TRUE,2,Registry linked,FALSE,TRUE,TRUE,TRUE,TRUE,Berlin,NA,large,Other,Interventional,Procedure,Phase 3,200,Completed,Single,Randomized,TRUE,TRUE,TRUE,FALSE,2013-06-28,2013-10-01,2017-11-01,2017,2017-07-06,2017,NA,NA,NA,95,1587,1469,686,804,2273,10.1136/bmj.l5101,31533934,https://pubmed.ncbi.nlm.nih.gov/31533934/,2019-09-18,TRUE,TRUE,TRUE,TRUE,TRUE,FALSE,TRUE,TRUE,FALSE,TRUE,TRUE,TRUE,TRUE,0,0,0,0,TRUE,hybrid,"0959-8138,1756-1833",BMJ,BMJ,2019-09-18
NCT01928823,ClinicalTrials.gov,TRUE,2,Publ found in Google ID search,FALSE,TRUE,TRUE,TRUE,TRUE,Berlin,NA,large,Other,Interventional,Behavioral,Phase 2,73,Completed,Quadruple,Randomized,TRUE,FALSE,FALSE,FALSE,2013-07-26,2011-11-01,2014-05-01,2014,2014-05-01,2014,NA,NA,NA,-633,279,279,1826,1826,2105,10.1016/j.janxdis.2019.03.001,30875662,https://www.sciencedirect.com/science/article/abs/pii/s0887618518303542,2019-05-01,TRUE,TRUE,TRUE,TRUE,TRUE,FALSE,FALSE,FALSE,TRUE,FALSE,FALSE,FALSE,NA,0,0,1,0,TRUE,closed,0887-6185,Journal of Anxiety Disorders,Elsevier BV,2019-05-01
NCT01928810,ClinicalTrials.gov,TRUE,2,Publ found in Google ID search,FALSE,TRUE,TRUE,TRUE,TRUE,Berlin,NA,large,Other,Interventional,Behavioral,NA,78,Completed,Double,Randomized,TRUE,TRUE,FALSE,FALSE,2013-07-26,2011-03-01,2014-02-01,2014,2014-02-01,2014,NA,NA,NA,-878,190,190,1581,1581,1771,10.1016/j.jpsychires.2018.03.001,29539585,https://www.sciencedirect.com/science/article/abs/pii/s0022395617313560,2018-06-01,TRUE,TRUE,TRUE,TRUE,TRUE,FALSE,FALSE,FALSE,TRUE,FALSE,FALSE,FALSE,NA,0,0,0,0,TRUE,closed,0022-3956,Journal of Psychiatric Research,Elsevier BV,2018-06-01
NCT01924702,ClinicalTrials.gov,TRUE,2,Publ found in Google ID search,FALSE,TRUE,TRUE,TRUE,TRUE,Berlin,NA,large,Other,Interventional,Behavioral,Phase 2,24,Unknown status,Triple,Randomized,TRUE,FALSE,FALSE,FALSE,2013-08-14,2011-01-01,2015-12-01,2015,2015-12-01,2015,NA,NA,NA,-956,839,839,77,77,916,10.1093/brain/aww002,26912641,https://academic.oup.com/brain/article/139/4/1152/2464226,2016-02-16,TRUE,TRUE,TRUE,TRUE,TRUE,FALSE,FALSE,FALSE,TRUE,FALSE,FALSE,FALSE,NA,0,0,0,0,TRUE,bronze,"0006-8950,1460-2156",Brain,Oxford University Press (OUP),2016-02-16
NCT01923493,ClinicalTrials.gov,TRUE,2,Publ found in Google ID search,FALSE,TRUE,TRUE,TRUE,TRUE,Berlin,NA,large,Other,Interventional,Other,NA,92,Completed,None (Open Label),Randomized,TRUE,FALSE,TRUE,FALSE,2013-08-13,2013-08-01,2014-06-01,2014,2014-04-01,2014,NA,NA,NA,-12,292,231,1369,1430,1661,10.1089/acm.2017.0209,29072931,https://www.liebertpub.com/doi/abs/10.1089/acm.2017.0209,2018-03-01,TRUE,TRUE,TRUE,TRUE,TRUE,FALSE,FALSE,FALSE,TRUE,FALSE,FALSE,FALSE,NA,0,0,0,0,TRUE,closed,"1075-5535,1557-7708",The Journal of Alternative and Complementary Medicine,Mary Ann Liebert Inc,2018-03-01
NCT01845129,ClinicalTrials.gov,TRUE,2,Publ found in Google ID search,FALSE,TRUE,TRUE,TRUE,TRUE,Berlin,NA,large,Other,Interventional,Device,NA,16,Unknown status,Triple,Randomized,TRUE,FALSE,TRUE,FALSE,2013-04-30,2013-04-01,2014-04-01,2014,2014-04-01,2014,NA,NA,NA,-29,336,336,955,955,1291,10.1002/hbm.23469,27859982,https://www.ncbi.nlm.nih.gov/pmc/articles/pmc6866985/,2016-11-11,TRUE,TRUE,TRUE,TRUE,TRUE,FALSE,FALSE,FALSE,TRUE,FALSE,FALSE,FALSE,NA,0,0,0,0,TRUE,green,"1065-9471,1097-0193",Human Brain Mapping,Wiley,2016-11-11
NCT01840839,ClinicalTrials.gov,TRUE,2,Registry linked,FALSE,TRUE,TRUE,TRUE,TRUE,Berlin,NA,large,Other,Interventional,Device,NA,18,Completed,Triple,Randomized,TRUE,FALSE,TRUE,FALSE,2013-04-18,2013-10-01,2015-08-01,2015,2015-05-01,2015,NA,NA,NA,166,835,743,336,428,1171,10.1016/j.neuroimage.2016.06.057,27381076,https://pubmed.ncbi.nlm.nih.gov/27381076/,2016-07-02,TRUE,TRUE,TRUE,TRUE,TRUE,FALSE,FALSE,FALSE,FALSE,TRUE,TRUE,TRUE,FALSE,0,0,0,0,TRUE,closed,1053-8119,NeuroImage,Elsevier BV,2016-11-01
NCT01811589,ClinicalTrials.gov,TRUE,2,Registry linked,FALSE,TRUE,TRUE,TRUE,TRUE,Berlin,NA,large,Industry,Interventional,Device,NA,144,Completed,Single,Randomized,TRUE,TRUE,TRUE,FALSE,2013-03-13,2013-05-01,2015-01-01,2015,2015-01-01,2015,NA,NA,NA,49,659,659,1308,1308,1967,10.1093/neuros/nyx420,28973670,https://pubmed.ncbi.nlm.nih.gov/28973670/,2018-08-01,TRUE,TRUE,TRUE,TRUE,TRUE,FALSE,FALSE,FALSE,TRUE,TRUE,TRUE,TRUE,FALSE,0,0,0,0,TRUE,hybrid,"0148-396X,1524-4040",Neurosurgery,Oxford University Press (OUP),2017-08-04
NCT01801280,ClinicalTrials.gov,TRUE,2,Publ found in Google ID search,TRUE,TRUE,TRUE,TRUE,TRUE,Berlin,NA,large,Other,Interventional,Drug,Phase 4,20,Completed,None (Open Label),Randomized,TRUE,FALSE,FALSE,TRUE,2013-02-13,2012-01-01,2014-03-01,2014,2013-03-01,2013,2014-12-17,291,656,-409,381,16,419,784,800,10.1111/bcp.12664,25913040,https://bpspubs.onlinelibrary.wiley.com/doi/full/10.1111/bcp.12664,2015-04-24,TRUE,TRUE,TRUE,TRUE,TRUE,FALSE,FALSE,FALSE,TRUE,FALSE,FALSE,FALSE,NA,0,0,1,1,TRUE,green,0306-5251,British Journal of Clinical Pharmacology,Wiley,2015-07-14
NCT01797887,ClinicalTrials.gov,TRUE,2,Publ found in Google ID search,FALSE,TRUE,TRUE,TRUE,TRUE,Berlin,NA,large,Other,Interventional,Behavioral,NA,40,Completed,None (Open Label),Randomized,TRUE,FALSE,TRUE,FALSE,2013-02-21,2013-05-01,2014-12-01,2014,2014-12-01,2014,NA,NA,NA,69,648,648,958,958,1606,10.1016/j.ctim.2017.07.005,28917376,https://pubmed.ncbi.nlm.nih.gov/28917376/,2017-07-16,TRUE,TRUE,TRUE,TRUE,TRUE,FALSE,TRUE,TRUE,TRUE,TRUE,TRUE,TRUE,TRUE,0,0,0,0,TRUE,closed,0965-2299,Complementary Therapies in Medicine,Elsevier BV,2017-10-01
NCT01785082,ClinicalTrials.gov,TRUE,2,Registry linked,FALSE,TRUE,TRUE,TRUE,TRUE,Berlin,NA,large,Industry,Interventional,Drug,Phase 3,149,Completed,None (Open Label),Randomized,TRUE,TRUE,TRUE,FALSE,2013-01-25,2013-01-01,2015-09-01,2015,2015-09-01,2015,NA,NA,NA,-24,949,949,1017,1017,1966,10.1002/bjs5.81,30263981,https://pubmed.ncbi.nlm.nih.gov/30263981/,2018-06-14,TRUE,TRUE,TRUE,TRUE,TRUE,FALSE,TRUE,TRUE,TRUE,TRUE,TRUE,TRUE,FALSE,0,0,0,0,TRUE,hybrid,2474-9842,BJS Open,Oxford University Press (OUP),2018-06-14
NCT01782391,ClinicalTrials.gov,TRUE,2,Publ found in Google ID search,FALSE,TRUE,TRUE,TRUE,TRUE,Berlin,NA,large,Other,Interventional,Device,NA,22,Unknown status,Triple,Randomized,TRUE,FALSE,TRUE,FALSE,2012-06-05,2013-04-01,2017-12-01,2017,2017-12-01,2017,NA,NA,NA,300,2005,2005,-128,-128,1877,10.1523/jneurosci.0260-17.2017,28637840,https://www.ncbi.nlm.nih.gov/pmc/articles/pmc6705731/,2017-07-26,TRUE,TRUE,TRUE,TRUE,TRUE,FALSE,FALSE,FALSE,FALSE,FALSE,FALSE,FALSE,NA,0,0,0,0,TRUE,green,"0270-6474,1529-2401",The Journal of Neuroscience,Society for Neuroscience,2017-06-21
NCT01782365,ClinicalTrials.gov,TRUE,2,Publ found in Google search (no ID),FALSE,TRUE,TRUE,TRUE,TRUE,Berlin,NA,large,Other,Interventional,Device,NA,16,Completed,Triple,Randomized,TRUE,FALSE,TRUE,FALSE,2013-01-31,2013-08-08,2016-08-30,2016,2016-04-26,2016,NA,NA,NA,189,1307,1181,330,456,1637,10.1523/jneurosci.0260-17.2017,28637840,https://www.ncbi.nlm.nih.gov/pmc/articles/pmc6705731/,2017-07-26,TRUE,TRUE,TRUE,TRUE,TRUE,FALSE,FALSE,FALSE,FALSE,TRUE,TRUE,FALSE,FALSE,0,0,0,0,TRUE,green,"0270-6474,1529-2401",The Journal of Neuroscience,Society for Neuroscience,2017-06-21
NCT01770080,ClinicalTrials.gov,TRUE,2,Publ found in Google search (no ID),FALSE,TRUE,TRUE,TRUE,TRUE,Berlin,NA,large,Other,Interventional,Drug,Phase 4,211,Completed,Triple,Randomized,TRUE,FALSE,TRUE,FALSE,2013-01-09,2013-02-01,2015-09-01,2015,2015-09-01,2015,NA,NA,NA,23,965,965,757,757,1722,10.1055/s-0037-1607119,NA,https://www.thieme-connect.de/products/ejournals/abstract/10.1055/s-0037-1607119,2017-09-27,TRUE,FALSE,NA,NA,FALSE,FALSE,NA,NA,NA,FALSE,NA,FALSE,NA,NA,NA,NA,1,TRUE,closed,,Phytotherapie 2017 „Von der Innovation zur Evidenz“,Georg Thieme Verlag KG,2017-09-01
NCT01693393,ClinicalTrials.gov,TRUE,2,Registry linked,FALSE,TRUE,TRUE,TRUE,TRUE,Berlin,NA,large,Other,Interventional,Drug,Phase 2,30,Completed,None (Open Label),NA,NA,FALSE,FALSE,FALSE,2012-09-14,2010-03-01,2014-10-01,2014,2014-10-01,2014,NA,NA,NA,-928,747,747,666,666,1413,10.1007/s10067-016-3360-4,27470087,https://pubmed.ncbi.nlm.nih.gov/27470087/,2016-07-28,TRUE,TRUE,TRUE,TRUE,TRUE,FALSE,TRUE,TRUE,FALSE,TRUE,TRUE,TRUE,TRUE,0,0,0,0,TRUE,closed,"0770-3198,1434-9949",Clinical Rheumatology,Springer Science and Business Media LLC,2016-07-28
NCT01647880,ClinicalTrials.gov,TRUE,2,Registry linked,FALSE,TRUE,TRUE,TRUE,TRUE,Berlin,NA,large,Other,Interventional,Drug,Phase 2/Phase 3,15,Terminated,Single,Randomized,TRUE,TRUE,TRUE,FALSE,2012-07-23,2013-07-01,2016-04-01,2016,2016-04-01,2016,NA,NA,NA,343,1348,1348,1432,1432,2780,10.1186/s12883-020-01645-z,32126977,https://pubmed.ncbi.nlm.nih.gov/32126977/,2020-03-03,TRUE,TRUE,TRUE,TRUE,TRUE,FALSE,TRUE,TRUE,FALSE,TRUE,TRUE,TRUE,TRUE,0,1,0,0,TRUE,gold,1471-2377,BMC Neurology,Springer Science and Business Media LLC,2020-03-03
NCT01605487,ClinicalTrials.gov,TRUE,2,Publ found in Google search (no ID),TRUE,TRUE,TRUE,TRUE,TRUE,Berlin,NA,large,Other,Interventional,Drug,Phase 2,24,Completed,Triple,Randomized,TRUE,FALSE,TRUE,FALSE,2012-05-11,2012-06-01,2014-10-01,2014,2013-09-01,2013,NA,NA,NA,21,873,478,1528,1923,2401,NA,NA,https://refubium.fu-berlin.de/handle/fub188/23549,2018-12-07,TRUE,FALSE,NA,NA,FALSE,FALSE,NA,NA,NA,NA,NA,NA,NA,NA,NA,NA,0,FALSE,NA,NA,NA,NA,NA
NCT01582724,ClinicalTrials.gov,TRUE,2,Registry linked,FALSE,TRUE,TRUE,TRUE,TRUE,Berlin,NA,large,Other,Interventional,Procedure,NA,220,Completed,None (Open Label),Randomized,TRUE,FALSE,TRUE,FALSE,2012-04-18,2012-12-01,2015-03-01,2015,2014-09-01,2014,NA,NA,NA,227,1047,866,-689,-508,358,10.1186/1745-6215-14-99,24499425,https://pubmed.ncbi.nlm.nih.gov/24499425/,2013-04-11,TRUE,TRUE,TRUE,TRUE,TRUE,FALSE,TRUE,TRUE,FALSE,TRUE,TRUE,TRUE,TRUE,0,0,0,0,TRUE,gold,1745-6215,Trials,Springer Science and Business Media LLC,2013-01-01
NCT01580592,ClinicalTrials.gov,TRUE,2,Registry linked,FALSE,TRUE,TRUE,TRUE,TRUE,Berlin,NA,large,Other,Interventional,Drug,Phase 2,31,Completed,Double,Randomized,TRUE,TRUE,TRUE,TRUE,2012-04-18,2012-04-01,2015-02-01,2015,2014-12-01,2014,2015-10-27,268,330,-17,1019,957,793,855,1812,10.1016/j.jaci.2017.01.043,28389393,https://pubmed.ncbi.nlm.nih.gov/28389393/,2017-04-04,TRUE,TRUE,TRUE,TRUE,TRUE,FALSE,FALSE,TRUE,TRUE,TRUE,TRUE,TRUE,TRUE,1,0,1,0,TRUE,bronze,0091-6749,Journal of Allergy and Clinical Immunology,Elsevier BV,2017-09-01
NCT01525667,ClinicalTrials.gov,TRUE,2,Publ found in Google ID search,FALSE,TRUE,TRUE,TRUE,TRUE,Berlin,NA,large,Industry,Interventional,Biological,Phase 1/Phase 2,20,Completed,Double,Randomized,TRUE,FALSE,TRUE,TRUE,2012-01-31,2012-11-01,2015-06-01,2015,2013-12-01,2013,2015-01-01,-151,396,275,1217,670,1206,1753,2423,10.1002/jcsm.12316,30230266,https://www.ncbi.nlm.nih.gov/pmc/articles/pmc6204595/,2018-09-19,TRUE,TRUE,TRUE,TRUE,TRUE,FALSE,FALSE,FALSE,TRUE,FALSE,FALSE,FALSE,NA,0,0,1,0,TRUE,gold,2190-5991,"Journal of Cachexia, Sarcopenia and Muscle",Wiley,2018-09-19
NCT01440062,ClinicalTrials.gov,TRUE,2,Registry linked,FALSE,TRUE,TRUE,TRUE,TRUE,Berlin,NA,large,Other,Interventional,Drug,Phase 2,55,Terminated,Double,Randomized,TRUE,TRUE,TRUE,FALSE,2011-09-19,2011-12-01,2017-06-01,2017,2017-06-01,2017,NA,NA,NA,73,2082,2082,967,967,3049,10.1177/2055217320903474,32047645,https://pubmed.ncbi.nlm.nih.gov/32047645/,2020-01-24,TRUE,TRUE,TRUE,TRUE,TRUE,FALSE,TRUE,TRUE,TRUE,TRUE,TRUE,TRUE,TRUE,0,0,1,0,TRUE,gold,"2055-2173,2055-2173","Multiple Sclerosis Journal - Experimental, Translational and Clinical",SAGE Publications,2020-01-01
NCT01402739,ClinicalTrials.gov,TRUE,2,Registry linked,FALSE,TRUE,TRUE,TRUE,TRUE,Berlin,NA,large,Other,Interventional,Other,NA,100,Terminated,None (Open Label),Randomized,TRUE,FALSE,TRUE,FALSE,2011-07-25,2011-08-01,2015-06-01,2015,2015-06-01,2015,NA,NA,NA,7,1407,1407,1358,1358,2765,10.1186/s12871-019-0689-7,30777015,https://pubmed.ncbi.nlm.nih.gov/30777015/,2019-02-18,TRUE,TRUE,TRUE,TRUE,TRUE,FALSE,TRUE,TRUE,TRUE,TRUE,TRUE,TRUE,TRUE,0,0,0,0,TRUE,gold,1471-2253,BMC Anesthesiology,Springer Science and Business Media LLC,2019-02-18
NCT01357694,ClinicalTrials.gov,TRUE,2,Registry linked,FALSE,TRUE,TRUE,TRUE,TRUE,Berlin,NA,large,Other,Interventional,Behavioral,NA,220,Completed,Single,Randomized,TRUE,FALSE,TRUE,FALSE,2011-05-18,2011-05-01,2014-09-01,2014,2013-02-01,2013,NA,NA,NA,-17,1202,625,1215,1792,2417,10.1186/s12888-017-1579-5,29284443,https://pubmed.ncbi.nlm.nih.gov/29284443/,2017-12-29,TRUE,TRUE,TRUE,TRUE,TRUE,FALSE,TRUE,TRUE,FALSE,TRUE,TRUE,TRUE,TRUE,0,0,0,0,TRUE,gold,1471-244X,BMC Psychiatry,Springer Science and Business Media LLC,2017-12-01
NCT01278537,ClinicalTrials.gov,TRUE,2,Registry linked,FALSE,TRUE,TRUE,TRUE,TRUE,Berlin,NA,large,Other,Interventional,Behavioral,NA,690,Completed,None (Open Label),Randomized,TRUE,TRUE,TRUE,FALSE,2011-01-18,2011-02-01,2014-02-01,2014,2014-01-01,2014,NA,NA,NA,14,1110,1079,593,624,1703,10.1371/journal.pone.0137824,26378939,https://pubmed.ncbi.nlm.nih.gov/26378939/,2015-09-17,TRUE,TRUE,TRUE,TRUE,TRUE,FALSE,TRUE,TRUE,TRUE,TRUE,TRUE,TRUE,TRUE,0,0,0,0,TRUE,gold,1932-6203,PLOS ONE,Public Library of Science (PLoS),2015-09-17
NCT01266655,ClinicalTrials.gov,TRUE,2,Registry linked,FALSE,TRUE,TRUE,TRUE,TRUE,Berlin,NA,large,Other,Interventional,Drug,Phase 2/Phase 3,56,Completed,Quadruple,Randomized,TRUE,FALSE,TRUE,FALSE,2010-12-23,2011-02-01,2014-05-01,2014,2014-05-01,2014,NA,NA,NA,40,1225,1225,1594,1594,2819,10.1016/j.euroneuro.2018.08.507,30217552,https://pubmed.ncbi.nlm.nih.gov/30217552/,2018-09-11,TRUE,TRUE,TRUE,TRUE,TRUE,FALSE,TRUE,TRUE,FALSE,TRUE,TRUE,TRUE,TRUE,0,0,0,0,TRUE,closed,0924-977X,European Neuropsychopharmacology,Elsevier BV,2018-11-01
NCT01264549,ClinicalTrials.gov,TRUE,2,Registry linked,FALSE,TRUE,TRUE,TRUE,TRUE,Berlin,NA,large,Other,Interventional,Device,NA,230,Completed,Double,Randomized,TRUE,TRUE,TRUE,FALSE,2010-12-21,2010-12-01,2014-10-01,2014,2014-10-01,2014,NA,NA,NA,-20,1380,1380,936,936,2316,10.3389/fneur.2017.00153,28484421,https://pubmed.ncbi.nlm.nih.gov/28484421/,2017-04-24,TRUE,TRUE,TRUE,TRUE,TRUE,FALSE,TRUE,TRUE,TRUE,TRUE,TRUE,TRUE,FALSE,0,0,0,0,TRUE,gold,1664-2295,Frontiers in Neurology,Frontiers Media SA,2017-04-24
NCT01225133,ClinicalTrials.gov,TRUE,2,Registry linked,FALSE,TRUE,TRUE,TRUE,TRUE,Berlin,NA,large,Other,Interventional,Other,Phase 3,150,Completed,None (Open Label),Randomized,TRUE,TRUE,TRUE,FALSE,2010-10-06,2010-10-01,2015-03-01,2015,2014-07-01,2014,NA,NA,NA,-5,1607,1364,1074,1317,2681,10.1016/j.joca.2018.01.022,29426006,https://pubmed.ncbi.nlm.nih.gov/29426006/,2018-02-07,TRUE,TRUE,TRUE,TRUE,TRUE,FALSE,TRUE,TRUE,TRUE,TRUE,TRUE,TRUE,TRUE,0,0,0,0,TRUE,hybrid,1063-4584,Osteoarthritis and Cartilage,Elsevier BV,2018-05-01
NCT01181401,ClinicalTrials.gov,TRUE,2,Publ found in Google search (no ID),TRUE,TRUE,TRUE,TRUE,TRUE,Berlin,NA,large,Other,Interventional,Drug,Phase 2,94,Completed,None (Open Label),Randomized,TRUE,TRUE,TRUE,FALSE,2010-08-12,2010-08-01,2015-08-01,2015,2015-04-01,2015,NA,NA,NA,-11,1815,1693,293,415,2108,10.1200/jco.2016.34.15_suppl.6035,NA,https://ascopubs.org/doi/abs/10.1200/jco.2016.34.15_suppl.6035,2016-05-20,TRUE,FALSE,NA,NA,FALSE,FALSE,NA,NA,NA,FALSE,NA,FALSE,NA,NA,NA,NA,1,TRUE,closed,"0732-183X,1527-7755",Journal of Clinical Oncology,American Society of Clinical Oncology (ASCO),2016-05-20
NCT01143233,ClinicalTrials.gov,TRUE,2,Registry linked,FALSE,TRUE,TRUE,TRUE,TRUE,Berlin,NA,large,Industry,Interventional,Other,NA,503,Completed,Double,Randomized,TRUE,TRUE,FALSE,FALSE,2010-06-11,2010-04-01,2017-08-01,2017,2014-07-01,2014,NA,NA,NA,-71,2608,1481,273,1400,2881,10.1097/mpg.0000000000001853,29216020,https://pubmed.ncbi.nlm.nih.gov/29216020/,2018-05-01,TRUE,TRUE,TRUE,TRUE,TRUE,FALSE,TRUE,TRUE,TRUE,TRUE,TRUE,FALSE,TRUE,0,0,0,0,TRUE,green,"0277-2116,1536-4801",Journal of Pediatric Gastroenterology & Nutrition,Ovid Technologies (Wolters Kluwer Health),2018-05-01
NCT01117597,ClinicalTrials.gov,TRUE,2,Publ found in Google search (no ID),TRUE,TRUE,TRUE,TRUE,TRUE,Berlin,NA,large,Other,Interventional,Radiation,NA,32,Completed,Quadruple,Randomized,TRUE,FALSE,FALSE,FALSE,2010-05-04,2010-04-01,2014-09-01,2014,2013-09-01,2013,NA,NA,NA,-33,1581,1216,211,576,1792,10.1016/j.envres.2015.03.021,25839715,https://pubmed.ncbi.nlm.nih.gov/25839715/,2015-03-31,TRUE,TRUE,TRUE,TRUE,TRUE,FALSE,FALSE,FALSE,FALSE,FALSE,FALSE,FALSE,NA,0,0,0,0,TRUE,closed,0013-9351,Environmental Research,Elsevier BV,2015-07-01
NCT01112579,ClinicalTrials.gov,TRUE,2,Registry linked,FALSE,TRUE,TRUE,TRUE,TRUE,Berlin,NA,large,Industry,Interventional,Device,Phase 2,81,Completed,Single,Randomized,TRUE,TRUE,TRUE,TRUE,2010-04-16,2010-04-01,2015-04-01,2015,2014-01-01,2014,2015-10-01,183,638,-15,1811,1356,618,1073,2429,10.1016/j.jchf.2015.10.006,26682789,https://pubmed.ncbi.nlm.nih.gov/26682789/,2016-12-09,TRUE,TRUE,TRUE,TRUE,TRUE,FALSE,TRUE,TRUE,TRUE,TRUE,TRUE,TRUE,TRUE,0,0,0,0,TRUE,bronze,2213-1779,JACC: Heart Failure,Elsevier BV,2016-02-01
NCT01050686,ClinicalTrials.gov,TRUE,2,Publ found in Google search (no ID),FALSE,TRUE,TRUE,TRUE,TRUE,Berlin,NA,large,Other,Interventional,Procedure,NA,102,Completed,None (Open Label),Randomized,TRUE,FALSE,TRUE,FALSE,2010-01-14,2010-03-01,2015-02-01,2015,2014-11-01,2014,NA,NA,NA,46,1844,1752,455,547,2299,10.1007/s00423-016-1436-x,27138020,https://pubmed.ncbi.nlm.nih.gov/27138020/,2016-05-01,TRUE,TRUE,TRUE,TRUE,TRUE,FALSE,FALSE,FALSE,TRUE,FALSE,FALSE,FALSE,NA,0,0,0,0,TRUE,closed,"1435-2443,1435-2451",Langenbeck's Archives of Surgery,Springer Science and Business Media LLC,2016-05-01
NCT01047891,ClinicalTrials.gov,TRUE,2,Registry linked,FALSE,TRUE,TRUE,TRUE,TRUE,Berlin,NA,large,Other,Interventional,Drug,Phase 2,174,Completed,Double,Randomized,TRUE,FALSE,TRUE,FALSE,2010-01-12,2010-01-01,2015-02-01,2015,2015-02-01,2015,NA,NA,NA,-11,1846,1846,1285,1285,3131,10.1016/s1470-2045(18)30372-3,30100379,https://pubmed.ncbi.nlm.nih.gov/30100379/,2018-08-09,TRUE,TRUE,TRUE,TRUE,TRUE,FALSE,TRUE,TRUE,TRUE,TRUE,TRUE,FALSE,TRUE,0,0,0,0,TRUE,closed,1470-2045,The Lancet Oncology,Elsevier BV,2018-09-01
NCT00942747,ClinicalTrials.gov,TRUE,2,Registry linked,TRUE,TRUE,TRUE,TRUE,TRUE,Berlin,NA,large,Other,Interventional,Drug,Phase 2,37,Unknown status,None (Open Label),NA,NA,TRUE,TRUE,FALSE,2009-07-20,2009-07-01,2014-06-01,2014,2013-12-01,2013,NA,NA,NA,-19,1777,1595,652,834,2429,10.1200/jco.2015.64.9897,26976424,https://pubmed.ncbi.nlm.nih.gov/26976424/,2016-03-14,TRUE,TRUE,TRUE,TRUE,TRUE,FALSE,TRUE,TRUE,TRUE,TRUE,TRUE,FALSE,TRUE,0,0,1,1,TRUE,green,"0732-183X,1527-7755",Journal of Clinical Oncology,American Society of Clinical Oncology (ASCO),2016-05-20
NCT00865982,ClinicalTrials.gov,TRUE,2,Registry linked,FALSE,TRUE,TRUE,TRUE,TRUE,Berlin,NA,large,Other,Interventional,Drug,Phase 2,50,Unknown status,None (Open Label),NA,NA,TRUE,FALSE,FALSE,2009-03-19,2008-09-01,2015-09-01,2015,2014-09-01,2014,NA,NA,NA,-199,2357,1992,-1164,-799,1193,10.1093/annonc/mds129,22734012,https://pubmed.ncbi.nlm.nih.gov/22734012/,2012-06-24,TRUE,TRUE,TRUE,TRUE,TRUE,FALSE,FALSE,TRUE,TRUE,TRUE,TRUE,TRUE,TRUE,0,0,0,1,TRUE,bronze,0923-7534,Annals of Oncology,Elsevier BV,2012-11-01
NCT00841256,ClinicalTrials.gov,TRUE,2,Registry linked,TRUE,TRUE,TRUE,TRUE,TRUE,Berlin,NA,large,Industry,Interventional,Biological,Phase 3,207,Completed,Quadruple,Randomized,TRUE,FALSE,FALSE,FALSE,2008-04-22,2008-02-01,2015-08-01,2015,2012-06-01,2012,NA,NA,NA,-81,2657,1501,-1067,89,1590,10.1016/j.jaci.2012.06.047,22939758,https://pubmed.ncbi.nlm.nih.gov/22939758/,2012-08-29,TRUE,TRUE,TRUE,TRUE,TRUE,FALSE,TRUE,TRUE,FALSE,TRUE,TRUE,TRUE,FALSE,0,0,0,1,TRUE,closed,0091-6749,Journal of Allergy and Clinical Immunology,Elsevier BV,2012-10-01
NCT00772655,ClinicalTrials.gov,TRUE,2,Registry linked,TRUE,TRUE,TRUE,TRUE,TRUE,Berlin,NA,large,Other,Interventional,Drug,Phase 2,60,Unknown status,None (Open Label),Non-Randomized,FALSE,TRUE,FALSE,FALSE,2008-10-14,2007-10-01,2015-06-01,2015,2010-06-01,2010,NA,NA,NA,-379,2421,595,-903,923,1518,10.1200/jco.2011.41.1553,23233718,https://pubmed.ncbi.nlm.nih.gov/23233718/,2012-12-10,TRUE,TRUE,TRUE,TRUE,TRUE,FALSE,FALSE,TRUE,FALSE,TRUE,TRUE,FALSE,TRUE,0,0,0,1,TRUE,closed,"0732-183X,1527-7755",Journal of Clinical Oncology,American Society of Clinical Oncology (ASCO),2013-01-20
NCT00590447,ClinicalTrials.gov,TRUE,2,Registry linked,FALSE,TRUE,TRUE,TRUE,TRUE,Berlin,NA,large,Other,Interventional,Drug,Phase 2,152,Completed,None (Open Label),Non-Randomized,FALSE,TRUE,FALSE,FALSE,2007-12-28,2006-12-01,2015-07-01,2015,2014-12-01,2014,NA,NA,NA,-392,2742,2530,537,749,3279,10.1200/jco.2016.69.3564,27992268,https://pubmed.ncbi.nlm.nih.gov/27992268/,2016-12-19,TRUE,TRUE,TRUE,TRUE,TRUE,FALSE,FALSE,FALSE,FALSE,TRUE,TRUE,FALSE,FALSE,1,1,1,1,TRUE,green,"0732-183X,1527-7755",Journal of Clinical Oncology,American Society of Clinical Oncology (ASCO),2017-02-10
NCT00530738,ClinicalTrials.gov,TRUE,2,Registry linked,FALSE,TRUE,TRUE,TRUE,TRUE,Berlin,NA,large,Industry,Interventional,Drug,Phase 4,42,Completed,Double,Randomized,TRUE,FALSE,TRUE,FALSE,2007-09-14,2007-09-01,2014-01-01,2014,2014-01-01,2014,NA,NA,NA,-13,2301,2301,1794,1794,4095,10.1186/s12937-018-0419-x,30501620,https://pubmed.ncbi.nlm.nih.gov/30501620/,2018-11-30,TRUE,TRUE,TRUE,TRUE,TRUE,FALSE,TRUE,TRUE,FALSE,TRUE,TRUE,TRUE,TRUE,0,0,0,1,TRUE,gold,1475-2891,Nutrition Journal,Springer Science and Business Media LLC,2018-11-30
NCT01541579,ClinicalTrials.gov,TRUE,2,Registry linked,FALSE,TRUE,TRUE,TRUE,TRUE,Frankfurt Berlin,NA,large,Industry,Interventional,Other,Phase 3,278,Completed,Double,Randomized,TRUE,TRUE,TRUE,FALSE,2012-02-21,2012-07-01,2016-11-01,2016,2015-07-01,2015,NA,NA,NA,131,1715,1226,-95,394,1620,10.1016/s0140-6736(16)31203-x,27477896,https://pubmed.ncbi.nlm.nih.gov/27477896/,2016-07-29,TRUE,TRUE,TRUE,TRUE,TRUE,FALSE,TRUE,TRUE,TRUE,TRUE,TRUE,FALSE,TRUE,0,0,0,0,TRUE,closed,0140-6736,The Lancet,Elsevier BV,2016-09-01
NCT01727362,ClinicalTrials.gov,TRUE,2,Registry linked,FALSE,TRUE,TRUE,TRUE,TRUE,Berlin,NA,large,Other,Interventional,Other,NA,140,Completed,None (Open Label),Randomized,TRUE,FALSE,FALSE,FALSE,2012-11-07,2012-10-01,2016-12-01,2016,2016-12-01,2016,NA,NA,NA,-37,1485,1485,1016,1016,2501,10.1007/s10549-019-05431-5,31520284,https://pubmed.ncbi.nlm.nih.gov/31520284/,2019-09-13,TRUE,TRUE,TRUE,TRUE,TRUE,FALSE,TRUE,TRUE,TRUE,TRUE,TRUE,TRUE,TRUE,0,0,0,0,TRUE,closed,"0167-6806,1573-7217",Breast Cancer Research and Treatment,Springer Science and Business Media LLC,2019-09-13
NCT01471782,ClinicalTrials.gov,TRUE,2,Registry linked,FALSE,TRUE,TRUE,TRUE,TRUE,Berlin,NA,large,Industry,Interventional,Biological,Phase 1/Phase 2,93,Completed,None (Open Label),NA,NA,TRUE,TRUE,TRUE,2011-10-28,2012-01-01,2016-05-01,2016,2014-08-01,2014,2016-09-23,145,784,65,1647,1008,173,812,1820,10.1200/jco.2016.67.3301,27998223,https://pubmed.ncbi.nlm.nih.gov/27998223/,2016-10-21,TRUE,TRUE,TRUE,TRUE,TRUE,FALSE,FALSE,TRUE,FALSE,TRUE,TRUE,FALSE,TRUE,0,0,2,1,TRUE,green,"0732-183X,1527-7755",Journal of Clinical Oncology,American Society of Clinical Oncology (ASCO),2016-12-20
DRKS00003246,DRKS,TRUE,2,Publ found in Google search (no ID),FALSE,TRUE,TRUE,TRUE,TRUE,Berlin,NA,large,Other,Interventional,Not given,IIb,60,Recruiting stopped after recruiting started,Blinded,Randomized controlled trial,TRUE,TRUE,TRUE,FALSE,2013-05-31,2013-10-23,2016-12-02,2016,NA,NA,NA,NA,NA,145,1281,NA,1183,NA,2464,10.1007/s00417-020-04618-7,32112140,https://pubmed.ncbi.nlm.nih.gov/32112140/,2020-02-28,TRUE,TRUE,TRUE,TRUE,TRUE,FALSE,FALSE,FALSE,FALSE,FALSE,FALSE,FALSE,NA,0,1,1,1,TRUE,hybrid,"0721-832X,1435-702X",Graefe's Archive for Clinical and Experimental Ophthalmology,Springer Science and Business Media LLC,2020-02-28
DRKS00003568,DRKS,TRUE,2,Registry linked,FALSE,TRUE,TRUE,TRUE,TRUE,Berlin,NA,large,Other,Interventional,Not given,NA,560,"Recruiting complete, follow-up complete",Open (masking not used),Randomized controlled trial,TRUE,TRUE,FALSE,FALSE,2012-02-22,2011-11-30,2014-12-31,2014,NA,NA,NA,NA,NA,-84,1043,NA,586,NA,1629,10.3238/arztebl.2016.0525,27581505,https://pubmed.ncbi.nlm.nih.gov/27581505/,2016-08-08,TRUE,TRUE,TRUE,TRUE,TRUE,FALSE,FALSE,FALSE,TRUE,FALSE,FALSE,FALSE,NA,0,0,0,0,TRUE,green,1866-0452,Deutsches Aerzteblatt Online,Deutscher Arzte-Verlag GmbH,2016-08-08
DRKS00004871,DRKS,TRUE,2,Publ found in Google ID search,FALSE,TRUE,TRUE,TRUE,TRUE,Berlin,NA,large,Other,Interventional,Not given,NA,44,"Recruiting complete, follow-up complete",Blinded,Randomized controlled trial,TRUE,TRUE,TRUE,FALSE,2013-04-26,2013-05-02,2015-12-14,2015,NA,NA,NA,NA,NA,6,962,NA,1075,NA,2037,10.3238/arztebl.2018.0785,30636672,https://pubmed.ncbi.nlm.nih.gov/30636672/,2018-11-23,TRUE,TRUE,TRUE,TRUE,TRUE,FALSE,FALSE,FALSE,FALSE,FALSE,FALSE,FALSE,NA,0,0,0,2,TRUE,green,1866-0452,Deutsches Aerzteblatt Online,Deutscher Arzte-Verlag GmbH,2018-11-23
DRKS00007117,DRKS,TRUE,2,Publ found in Google search (no ID),FALSE,TRUE,TRUE,TRUE,TRUE,Berlin,NA,large,Other,Interventional,Not given,NA,200,"Recruiting complete, follow-up complete",Blinded,Randomized controlled trial,TRUE,FALSE,FALSE,FALSE,2014-11-05,2014-01-01,2014-10-01,2014,NA,NA,NA,NA,NA,-308,-35,NA,100,NA,65,10.3109/14767058.2014.991917,25572878,https://pubmed.ncbi.nlm.nih.gov/25572878/,2015-01-09,TRUE,TRUE,TRUE,TRUE,TRUE,FALSE,FALSE,FALSE,FALSE,FALSE,FALSE,FALSE,NA,0,0,0,0,TRUE,closed,"1476-7058,1476-4954",The Journal of Maternal-Fetal & Neonatal Medicine,Informa UK Limited,2015-01-09
DRKS00009347,DRKS,TRUE,2,Publ found in Google ID search,FALSE,TRUE,TRUE,TRUE,TRUE,Berlin,NA,large,Other,Interventional,Not given,NA,60,"Recruiting complete, follow-up complete",Open (masking not used),Non-randomized controlled trial,FALSE,FALSE,FALSE,FALSE,2015-11-27,2015-09-23,2016-11-20,2016,NA,NA,NA,NA,NA,-65,359,NA,1089,NA,1448,10.1038/s41598-019-53050-3,31727918,https://pubmed.ncbi.nlm.nih.gov/31727918/,2019-11-14,TRUE,TRUE,TRUE,TRUE,TRUE,FALSE,FALSE,FALSE,TRUE,FALSE,FALSE,FALSE,NA,0,0,0,0,TRUE,gold,2045-2322,Scientific Reports,Springer Science and Business Media LLC,2019-11-14
DRKS00009368,DRKS,TRUE,2,Registry linked,FALSE,TRUE,TRUE,TRUE,TRUE,Berlin,NA,large,Other,Interventional,Not given,NA,8,"Recruiting complete, follow-up complete",Blinded,Randomized controlled trial,TRUE,FALSE,FALSE,FALSE,2015-09-21,2015-03-11,2015-08-05,2015,NA,NA,NA,NA,NA,-194,-47,NA,210,NA,163,10.1111/myc.12495,26932256,https://pubmed.ncbi.nlm.nih.gov/26932256/,2016-03-02,TRUE,TRUE,TRUE,TRUE,TRUE,FALSE,FALSE,FALSE,TRUE,TRUE,TRUE,FALSE,FALSE,0,0,0,0,TRUE,closed,0933-7407,Mycoses,Wiley,2016-03-02
DRKS00009391,DRKS,TRUE,2,Registry linked,FALSE,TRUE,TRUE,TRUE,TRUE,Berlin,NA,large,Other,Interventional,Not given,NA,20,"Recruiting complete, follow-up complete",Open (masking not used),Non-randomized controlled trial,FALSE,FALSE,FALSE,FALSE,2016-01-08,2015-03-24,2016-01-07,2016,NA,NA,NA,NA,NA,-290,-1,NA,520,NA,519,10.1007/s00784-017-2147-6,28601915,https://pubmed.ncbi.nlm.nih.gov/28601915/,2017-06-10,TRUE,TRUE,TRUE,TRUE,TRUE,FALSE,FALSE,FALSE,TRUE,TRUE,TRUE,FALSE,FALSE,0,0,0,0,TRUE,closed,"1432-6981,1436-3771",Clinical Oral Investigations,Springer Science and Business Media LLC,2017-06-10
DRKS00009539,DRKS,TRUE,2,Registry linked,FALSE,TRUE,TRUE,TRUE,TRUE,Berlin,NA,large,Other,Interventional,Not given,NA,20,"Recruiting complete, follow-up complete",Open (masking not used),Non-randomized controlled trial,FALSE,FALSE,FALSE,FALSE,2015-10-22,2014-11-19,2015-09-14,2015,NA,NA,NA,NA,NA,-337,-38,NA,631,NA,593,10.1177/0194599817711411,28585450,https://pubmed.ncbi.nlm.nih.gov/28585450/,2017-06-06,TRUE,TRUE,TRUE,TRUE,TRUE,FALSE,FALSE,FALSE,TRUE,TRUE,FALSE,TRUE,FALSE,0,0,0,0,TRUE,closed,"0194-5998,1097-6817",Otolaryngology–Head and Neck Surgery,SAGE Publications,2017-06-06
DRKS00011212,DRKS,TRUE,2,Publ found in Google search (no ID),FALSE,TRUE,TRUE,TRUE,TRUE,Berlin,NA,large,Other,Interventional,Not given,NA,33,"Recruiting complete, follow-up complete",Blinded,Randomized controlled trial,TRUE,FALSE,FALSE,FALSE,2016-10-28,2015-10-16,2016-06-10,2016,NA,NA,NA,NA,NA,-378,-140,NA,405,NA,265,10.1159/000477355,28723689,https://pubmed.ncbi.nlm.nih.gov/28723689/,2017-07-20,TRUE,TRUE,TRUE,TRUE,TRUE,FALSE,FALSE,FALSE,FALSE,FALSE,FALSE,FALSE,NA,0,0,0,0,TRUE,bronze,"1660-5527,1660-5535",Skin Pharmacology and Physiology,S. Karger AG,2017-01-01
DRKS00011273,DRKS,TRUE,2,Publ found in Google ID search,FALSE,TRUE,TRUE,TRUE,TRUE,Berlin,NA,large,Other,Interventional,Not given,NA,30,"Recruiting complete, follow-up complete",Open (masking not used),Single arm study,FALSE,FALSE,TRUE,FALSE,2016-11-02,2016-11-03,2017-05-23,2017,NA,NA,NA,NA,NA,1,202,NA,292,NA,494,10.1161/circep.117.005925,29874170,https://pubmed.ncbi.nlm.nih.gov/29874170/,2018-03-11,TRUE,TRUE,TRUE,TRUE,TRUE,FALSE,FALSE,TRUE,FALSE,FALSE,FALSE,FALSE,NA,0,0,0,0,TRUE,bronze,"1941-3149,1941-3084",Circulation: Arrhythmia and Electrophysiology,Ovid Technologies (Wolters Kluwer Health),2018-03-01
DRKS00012499,DRKS,TRUE,2,Publ found in Google ID search,FALSE,TRUE,TRUE,TRUE,TRUE,Berlin,NA,large,Other,Interventional,Not given,NA,1000,"Recruiting complete, follow-up complete",Open (masking not used),Single arm study,FALSE,TRUE,FALSE,FALSE,2017-07-14,2016-01-09,2017-12-29,2017,NA,NA,NA,NA,NA,-552,168,NA,271,NA,439,10.1016/j.cgh.2018.09.032,30267867,https://pubmed.ncbi.nlm.nih.gov/30267867/,2018-09-26,TRUE,TRUE,TRUE,TRUE,TRUE,FALSE,TRUE,TRUE,TRUE,FALSE,FALSE,FALSE,NA,0,0,0,0,TRUE,closed,1542-3565,Clinical Gastroenterology and Hepatology,Elsevier BV,2019-08-01
DRKS00012795,DRKS,TRUE,2,Registry linked,FALSE,TRUE,TRUE,TRUE,TRUE,Berlin,NA,large,Other,Interventional,Not given,NA,30,"Recruiting complete, follow-up complete",Open (masking not used),Single arm study,FALSE,FALSE,FALSE,FALSE,2017-07-27,2013-04-02,2014-12-17,2014,NA,NA,NA,NA,NA,-1577,-953,NA,1184,NA,231,10.5664/jcsm.6978,29458696,https://pubmed.ncbi.nlm.nih.gov/29458696/,2018-03-15,TRUE,TRUE,TRUE,TRUE,TRUE,FALSE,FALSE,FALSE,FALSE,TRUE,FALSE,TRUE,FALSE,0,0,0,0,TRUE,green,"1550-9389,1550-9397",Journal of Clinical Sleep Medicine,American Academy of Sleep Medicine (AASM),2018-03-15
DRKS00004911,DRKS,TRUE,2,Publ found in Google search (no ID),FALSE,TRUE,TRUE,TRUE,TRUE,Berlin Bochum,NA,large,Other,Interventional,Not given,NA,90,"Recruiting complete, follow-up complete",Blinded,Randomized controlled trial,TRUE,FALSE,FALSE,FALSE,2013-04-29,2013-02-27,2014-11-28,2014,NA,NA,NA,NA,NA,-61,578,NA,1069,NA,1647,10.1097/hjh.0000000000001445,28622156,https://pubmed.ncbi.nlm.nih.gov/28622156/,2017-11-01,TRUE,TRUE,TRUE,TRUE,TRUE,FALSE,FALSE,FALSE,FALSE,FALSE,FALSE,FALSE,NA,0,0,0,0,TRUE,closed,0263-6352,Journal of Hypertension,Ovid Technologies (Wolters Kluwer Health),2017-11-01
DRKS00004195,DRKS,TRUE,2,Registry linked,FALSE,TRUE,TRUE,TRUE,TRUE,Berlin Duisburg,NA,large,Other,Interventional,Not given,NA,350,"Recruiting complete, follow-up complete",Open (masking not used),Randomized controlled trial,TRUE,TRUE,TRUE,FALSE,2012-08-15,2012-08-15,2014-12-11,2014,NA,NA,NA,NA,NA,0,848,NA,972,NA,1820,10.1159/000475717,28787738,https://pubmed.ncbi.nlm.nih.gov/28787738/,2017-08-09,TRUE,TRUE,TRUE,TRUE,TRUE,FALSE,FALSE,FALSE,FALSE,FALSE,FALSE,FALSE,NA,0,0,0,4,TRUE,gold,"1662-4025,1662-4033",Obesity Facts,S. Karger AG,2017-01-01
DRKS00004649,DRKS,TRUE,2,Registry linked,FALSE,TRUE,TRUE,TRUE,TRUE,Berlin Heidelberg,NA,large,Other,Interventional,Not given,NA,240,"Recruiting complete, follow-up complete",Open (masking not used),Randomized controlled trial,TRUE,TRUE,TRUE,FALSE,2013-01-31,2013-01-01,2016-05-31,2016,NA,NA,NA,NA,NA,-30,1216,NA,-160,NA,1056,10.1002/da.22462,26697826,https://pubmed.ncbi.nlm.nih.gov/26697826/,2015-12-23,TRUE,TRUE,TRUE,TRUE,TRUE,FALSE,FALSE,FALSE,FALSE,TRUE,FALSE,TRUE,FALSE,0,0,0,0,TRUE,closed,1091-4269,Depression and Anxiety,Wiley,2015-12-23
DRKS00004858,DRKS,TRUE,2,Publ found in Google ID search,FALSE,TRUE,TRUE,TRUE,TRUE,Berlin Schleswig-Holstein,NA,large,Other,Interventional,Not given,I-II,12,"Recruiting complete, follow-up complete",Open (masking not used),Single arm study,FALSE,FALSE,TRUE,FALSE,2014-03-26,2014-03-31,2016-10-20,2016,NA,NA,NA,NA,NA,5,939,NA,1042,NA,1981,10.1016/s2665-9913(19)30018-9,NA,https://www.sciencedirect.com/science/article/pii/s2665991319300189?via%3dihub,2019-08-28,TRUE,FALSE,NA,NA,FALSE,FALSE,NA,NA,NA,FALSE,NA,FALSE,NA,NA,NA,NA,1,TRUE,closed,2665-9913,The Lancet Rheumatology,Elsevier BV,2019-09-01
NCT01532453,ClinicalTrials.gov,TRUE,2,No publ,FALSE,TRUE,TRUE,TRUE,TRUE,Berlin,NA,large,Industry,Interventional,Device,Phase 3,244,Terminated,None (Open Label),Randomized,TRUE,TRUE,FALSE,TRUE,2012-02-09,2010-11-01,2014-01-01,2014,2014-01-01,2014,2015-07-16,561,561,-465,692,692,NA,NA,NA,NA,NA,NA,NA,FALSE,FALSE,NA,NA,FALSE,FALSE,NA,NA,NA,NA,NA,NA,NA,NA,NA,NA,0,FALSE,NA,NA,NA,NA,NA
NCT02793557,ClinicalTrials.gov,TRUE,2,No publ,FALSE,TRUE,TRUE,TRUE,TRUE,Berlin,NA,large,Industry,Interventional,Other,Phase 1/Phase 2,44,Completed,Triple,Randomized,TRUE,FALSE,FALSE,FALSE,2016-05-16,2016-01-01,2017-03-01,2017,2017-03-01,2017,NA,NA,NA,-136,289,289,NA,NA,NA,NA,NA,NA,NA,FALSE,FALSE,NA,NA,FALSE,FALSE,NA,NA,NA,NA,NA,NA,NA,NA,NA,NA,0,FALSE,NA,NA,NA,NA,NA
NCT02019134,ClinicalTrials.gov,TRUE,2,No publ,FALSE,TRUE,TRUE,TRUE,TRUE,Berlin,NA,large,Other,Interventional,Behavioral,NA,220,Completed,None (Open Label),Randomized,TRUE,FALSE,TRUE,FALSE,2013-12-18,2014-03-31,2017-02-01,2017,2016-11-01,2016,NA,NA,NA,103,1141,1049,NA,NA,NA,NA,NA,NA,NA,FALSE,FALSE,NA,NA,FALSE,FALSE,NA,NA,NA,NA,NA,NA,NA,NA,NA,NA,0,FALSE,NA,NA,NA,NA,NA
NCT01864707,ClinicalTrials.gov,TRUE,2,No publ,FALSE,TRUE,TRUE,TRUE,TRUE,Berlin,NA,large,Other,Interventional,Other,NA,104,Completed,None (Open Label),Randomized,TRUE,FALSE,TRUE,FALSE,2013-04-02,2013-04-01,2015-10-01,2015,2015-06-01,2015,NA,NA,NA,-1,912,790,NA,NA,NA,NA,NA,NA,NA,FALSE,FALSE,NA,NA,FALSE,FALSE,NA,NA,NA,NA,NA,NA,NA,NA,NA,NA,0,FALSE,NA,NA,NA,NA,NA
NCT01503372,ClinicalTrials.gov,TRUE,2,No publ,FALSE,TRUE,TRUE,TRUE,TRUE,Berlin,NA,large,Other,Interventional,Drug,Phase 2,75,Completed,None (Open Label),Randomized,TRUE,FALSE,FALSE,FALSE,2011-12-22,2011-11-01,2017-12-14,2017,2017-12-14,2017,NA,NA,NA,-51,2184,2184,NA,NA,NA,NA,NA,NA,NA,FALSE,FALSE,NA,NA,FALSE,FALSE,NA,NA,NA,NA,NA,NA,NA,NA,NA,NA,1,FALSE,NA,NA,NA,NA,NA
NCT02227641,ClinicalTrials.gov,TRUE,2,No publ,FALSE,TRUE,TRUE,TRUE,TRUE,Berlin Erlangen,NA,large,Other,Interventional,Biological,Phase 1/Phase 2,50,Completed,None (Open Label),Randomized,TRUE,TRUE,TRUE,FALSE,2014-08-26,2014-10-01,2017-03-01,2017,2016-10-01,2016,NA,NA,NA,36,918,767,NA,NA,NA,NA,NA,NA,NA,FALSE,FALSE,NA,NA,FALSE,FALSE,NA,NA,NA,NA,NA,NA,NA,NA,NA,NA,1,FALSE,NA,NA,NA,NA,NA
NCT04229069,ClinicalTrials.gov,TRUE,2,No publ,FALSE,TRUE,TRUE,TRUE,TRUE,Berlin,NA,large,Other,Interventional,Dietary Supplement,NA,40,Completed,Quadruple,Randomized,TRUE,TRUE,FALSE,FALSE,2020-01-07,2013-01-03,2015-12-30,2015,2014-12-30,2014,NA,NA,NA,-2560,-1469,-1834,NA,NA,NA,NA,NA,NA,NA,FALSE,FALSE,NA,NA,FALSE,FALSE,NA,NA,NA,NA,NA,NA,NA,NA,NA,NA,0,FALSE,NA,NA,NA,NA,NA
NCT03485716,ClinicalTrials.gov,TRUE,2,No publ,FALSE,TRUE,TRUE,TRUE,TRUE,Berlin,NA,large,Other,Interventional,Other,NA,34,Completed,Single,Randomized,TRUE,FALSE,FALSE,FALSE,2018-03-19,2016-08-01,2017-12-31,2017,2017-03-31,2017,NA,NA,NA,-595,-78,-353,NA,NA,NA,NA,NA,NA,NA,FALSE,FALSE,NA,NA,FALSE,FALSE,NA,NA,NA,NA,NA,NA,NA,NA,NA,NA,0,FALSE,NA,NA,NA,NA,NA
NCT02971787,ClinicalTrials.gov,TRUE,2,No publ,FALSE,TRUE,TRUE,TRUE,TRUE,Berlin,NA,large,Other,Interventional,Dietary Supplement,NA,8,Completed,None (Open Label),NA,NA,FALSE,TRUE,FALSE,2016-11-18,2016-11-01,2017-06-01,2017,2017-06-01,2017,NA,NA,NA,-17,195,195,NA,NA,NA,NA,NA,NA,NA,FALSE,FALSE,NA,NA,FALSE,FALSE,NA,NA,NA,NA,NA,NA,NA,NA,NA,NA,0,FALSE,NA,NA,NA,NA,NA
NCT02888236,ClinicalTrials.gov,TRUE,2,No publ,FALSE,TRUE,TRUE,TRUE,TRUE,Berlin,NA,large,Industry,Interventional,Drug,Phase 2,36,Completed,Quadruple,Randomized,TRUE,FALSE,TRUE,FALSE,2016-08-30,2016-09-01,2017-07-06,2017,2017-06-20,2017,NA,NA,NA,2,310,294,NA,NA,NA,NA,NA,NA,NA,FALSE,FALSE,NA,NA,FALSE,FALSE,NA,NA,NA,NA,NA,NA,NA,NA,NA,NA,0,FALSE,NA,NA,NA,NA,NA
NCT02794298,ClinicalTrials.gov,TRUE,2,No publ,FALSE,TRUE,TRUE,TRUE,TRUE,Berlin,NA,large,Other,Interventional,Device,NA,32,Completed,Single,Randomized,TRUE,FALSE,TRUE,FALSE,2016-04-05,2016-04-01,2016-12-01,2016,2016-12-01,2016,NA,NA,NA,-4,240,240,NA,NA,NA,NA,NA,NA,NA,FALSE,FALSE,NA,NA,FALSE,FALSE,NA,NA,NA,NA,NA,NA,NA,NA,NA,NA,0,FALSE,NA,NA,NA,NA,NA
NCT02726048,ClinicalTrials.gov,TRUE,2,No publ,FALSE,TRUE,TRUE,TRUE,TRUE,Berlin,NA,large,Industry,Interventional,Device,NA,4,Terminated,None (Open Label),NA,NA,FALSE,TRUE,FALSE,2016-03-29,2016-04-01,2017-07-01,2017,2017-07-01,2017,NA,NA,NA,3,459,459,NA,NA,NA,NA,NA,NA,NA,FALSE,FALSE,NA,NA,FALSE,FALSE,NA,NA,NA,NA,NA,NA,NA,NA,NA,NA,0,FALSE,NA,NA,NA,NA,NA
NCT02667964,ClinicalTrials.gov,TRUE,2,No publ,FALSE,TRUE,TRUE,TRUE,TRUE,Berlin,NA,large,Other,Interventional,Other,NA,60,Unknown status,None (Open Label),Randomized,TRUE,FALSE,TRUE,FALSE,2015-11-24,2015-11-01,2017-06-01,2017,2016-11-01,2016,NA,NA,NA,-23,555,343,NA,NA,NA,NA,NA,NA,NA,FALSE,FALSE,NA,NA,FALSE,FALSE,NA,NA,NA,NA,NA,NA,NA,NA,NA,NA,0,FALSE,NA,NA,NA,NA,NA
NCT02633228,ClinicalTrials.gov,TRUE,2,No publ,FALSE,TRUE,TRUE,TRUE,TRUE,Berlin,NA,large,Other,Interventional,Device,Phase 4,15,Completed,None (Open Label),NA,NA,FALSE,FALSE,FALSE,2015-12-14,2014-12-01,2016-06-01,2016,2016-02-01,2016,NA,NA,NA,-378,170,49,NA,NA,NA,NA,NA,NA,NA,FALSE,FALSE,NA,NA,FALSE,FALSE,NA,NA,NA,NA,NA,NA,NA,NA,NA,NA,0,FALSE,NA,NA,NA,NA,NA
NCT02633072,ClinicalTrials.gov,TRUE,2,No publ,FALSE,TRUE,TRUE,TRUE,TRUE,Berlin,NA,large,Other,Interventional,Device,Phase 4,15,Completed,None (Open Label),NA,NA,FALSE,FALSE,FALSE,2015-12-14,2014-09-01,2016-12-01,2016,2016-12-01,2016,NA,NA,NA,-469,353,353,NA,NA,NA,NA,NA,NA,NA,FALSE,FALSE,NA,NA,FALSE,FALSE,NA,NA,NA,NA,NA,NA,NA,NA,NA,NA,0,FALSE,NA,NA,NA,NA,NA
NCT02599740,ClinicalTrials.gov,TRUE,2,No publ,FALSE,TRUE,TRUE,TRUE,TRUE,Berlin,NA,large,Industry,Interventional,Other,NA,84,Completed,Double,Randomized,TRUE,FALSE,FALSE,FALSE,2015-11-03,2015-10-01,2015-12-01,2015,2015-12-01,2015,NA,NA,NA,-33,28,28,NA,NA,NA,NA,NA,NA,NA,FALSE,FALSE,NA,NA,FALSE,FALSE,NA,NA,NA,NA,NA,NA,NA,NA,NA,NA,0,FALSE,NA,NA,NA,NA,NA
NCT02509962,ClinicalTrials.gov,TRUE,2,No publ,FALSE,TRUE,TRUE,TRUE,TRUE,Berlin,NA,large,Other,Interventional,Dietary Supplement,NA,14,Completed,None (Open Label),NA,NA,FALSE,TRUE,FALSE,2015-07-24,2015-07-01,2017-07-01,2017,2016-06-01,2016,NA,NA,NA,-23,708,313,NA,NA,NA,NA,NA,NA,NA,FALSE,FALSE,NA,NA,FALSE,FALSE,NA,NA,NA,NA,NA,NA,NA,NA,NA,NA,0,FALSE,NA,NA,NA,NA,NA
NCT02478957,ClinicalTrials.gov,TRUE,2,No publ,FALSE,TRUE,TRUE,TRUE,TRUE,Berlin,NA,large,Industry,Interventional,Drug,Phase 2,41,Completed,Quadruple,Randomized,TRUE,TRUE,TRUE,FALSE,2015-06-19,2015-06-01,2016-06-01,2016,2016-03-01,2016,NA,NA,NA,-18,348,256,NA,NA,NA,NA,NA,NA,NA,FALSE,FALSE,NA,NA,FALSE,FALSE,NA,NA,NA,NA,NA,NA,NA,NA,NA,NA,0,FALSE,NA,NA,NA,NA,NA
NCT02478034,ClinicalTrials.gov,TRUE,2,No publ,FALSE,TRUE,TRUE,TRUE,TRUE,Berlin,NA,large,Other,Interventional,Other,NA,80,Completed,Double,Randomized,TRUE,FALSE,FALSE,FALSE,2015-06-11,2015-05-01,2016-03-01,2016,2016-03-01,2016,NA,NA,NA,-41,264,264,NA,NA,NA,NA,NA,NA,NA,FALSE,FALSE,NA,NA,FALSE,FALSE,NA,NA,NA,NA,NA,NA,NA,NA,NA,NA,0,FALSE,NA,NA,NA,NA,NA
NCT02478021,ClinicalTrials.gov,TRUE,2,No publ,FALSE,TRUE,TRUE,TRUE,TRUE,Berlin,NA,large,Other,Interventional,Other,NA,80,Completed,Double,Randomized,TRUE,FALSE,FALSE,FALSE,2015-06-11,2014-09-01,2015-05-01,2015,2015-05-01,2015,NA,NA,NA,-283,-41,-41,NA,NA,NA,NA,NA,NA,NA,FALSE,FALSE,NA,NA,FALSE,FALSE,NA,NA,NA,NA,NA,NA,NA,NA,NA,NA,0,FALSE,NA,NA,NA,NA,NA
NCT02398877,ClinicalTrials.gov,TRUE,2,No publ,FALSE,TRUE,TRUE,TRUE,TRUE,Berlin,NA,large,Other,Interventional,Other,NA,140,Completed,Single,Non-Randomized,FALSE,FALSE,FALSE,FALSE,2015-03-09,2013-02-01,2016-02-01,2016,2016-02-01,2016,NA,NA,NA,-766,329,329,NA,NA,NA,NA,NA,NA,NA,FALSE,FALSE,NA,NA,FALSE,FALSE,NA,NA,NA,NA,NA,NA,NA,NA,NA,NA,0,FALSE,NA,NA,NA,NA,NA
NCT02357706,ClinicalTrials.gov,TRUE,2,No publ,FALSE,TRUE,TRUE,TRUE,TRUE,Berlin,NA,large,Industry,Interventional,Device,NA,20,Completed,Single,Randomized,TRUE,FALSE,TRUE,TRUE,2015-01-27,2015-01-01,2015-12-01,2015,2015-06-01,2015,2017-04-12,498,681,-26,308,125,NA,NA,NA,NA,NA,NA,NA,FALSE,FALSE,NA,NA,FALSE,FALSE,NA,NA,NA,NA,NA,NA,NA,NA,NA,NA,0,FALSE,NA,NA,NA,NA,NA
NCT02345278,ClinicalTrials.gov,TRUE,2,No publ,FALSE,TRUE,TRUE,TRUE,TRUE,Berlin,NA,large,Industry,Interventional,Drug,Phase 1/Phase 2,81,Completed,Quadruple,Randomized,TRUE,TRUE,TRUE,FALSE,2015-01-19,2015-05-01,2015-11-01,2015,2015-11-01,2015,NA,NA,NA,102,286,286,NA,NA,NA,NA,NA,NA,NA,FALSE,FALSE,NA,NA,FALSE,FALSE,NA,NA,NA,NA,NA,NA,NA,NA,NA,NA,0,FALSE,NA,NA,NA,NA,NA
NCT02339597,ClinicalTrials.gov,TRUE,2,No publ,FALSE,TRUE,TRUE,TRUE,TRUE,Berlin,NA,large,Other,Interventional,Procedure,NA,224,Unknown status,None (Open Label),Randomized,TRUE,FALSE,TRUE,FALSE,2014-01-27,2014-01-01,2015-11-01,2015,2015-11-01,2015,NA,NA,NA,-26,643,643,NA,NA,NA,NA,NA,NA,NA,FALSE,FALSE,NA,NA,FALSE,FALSE,NA,NA,NA,NA,NA,NA,NA,NA,NA,NA,0,FALSE,NA,NA,NA,NA,NA
NCT02314572,ClinicalTrials.gov,TRUE,2,No publ,FALSE,TRUE,TRUE,TRUE,TRUE,Berlin,NA,large,Other,Interventional,Device,Phase 4,15,Completed,None (Open Label),NA,NA,FALSE,FALSE,FALSE,2014-12-08,2013-03-01,2015-06-01,2015,2014-12-01,2014,NA,NA,NA,-647,175,-7,NA,NA,NA,NA,NA,NA,NA,FALSE,FALSE,NA,NA,FALSE,FALSE,NA,NA,NA,NA,NA,NA,NA,NA,NA,NA,0,FALSE,NA,NA,NA,NA,NA
NCT02096913,ClinicalTrials.gov,TRUE,2,No publ,FALSE,TRUE,TRUE,TRUE,TRUE,Berlin,NA,large,Other,Interventional,Drug,Phase 1,12,Completed,None (Open Label),Non-Randomized,FALSE,FALSE,FALSE,FALSE,2014-03-24,2013-06-01,2017-09-01,2017,2017-09-01,2017,NA,NA,NA,-296,1257,1257,NA,NA,NA,NA,NA,NA,NA,FALSE,FALSE,NA,NA,FALSE,FALSE,NA,NA,NA,NA,NA,NA,NA,NA,NA,NA,1,FALSE,NA,NA,NA,NA,NA
NCT02094287,ClinicalTrials.gov,TRUE,2,No publ,TRUE,TRUE,TRUE,TRUE,TRUE,Berlin,NA,large,Other,Interventional,Drug,NA,166,Completed,Single,Randomized,TRUE,TRUE,FALSE,FALSE,2014-03-17,2010-09-01,2015-02-01,2015,2013-11-01,2013,NA,NA,NA,-1293,321,-136,NA,NA,NA,NA,NA,NA,NA,FALSE,FALSE,NA,NA,FALSE,FALSE,NA,NA,NA,NA,NA,NA,NA,NA,NA,NA,1,FALSE,NA,NA,NA,NA,NA
NCT02019498,ClinicalTrials.gov,TRUE,2,No publ,FALSE,TRUE,TRUE,TRUE,TRUE,Berlin,NA,large,Other,Interventional,Behavioral,NA,50,Terminated,None (Open Label),Randomized,TRUE,FALSE,TRUE,FALSE,2013-12-18,2014-04-01,2016-07-01,2016,2016-02-01,2016,NA,NA,NA,104,926,775,NA,NA,NA,NA,NA,NA,NA,FALSE,FALSE,NA,NA,FALSE,FALSE,NA,NA,NA,NA,NA,NA,NA,NA,NA,NA,0,FALSE,NA,NA,NA,NA,NA
NCT01974011,ClinicalTrials.gov,TRUE,2,No publ,FALSE,TRUE,TRUE,TRUE,TRUE,Berlin,NA,large,Other,Interventional,Procedure,NA,86,Completed,None (Open Label),Randomized,TRUE,FALSE,TRUE,FALSE,2013-10-28,2013-11-25,2016-01-06,2016,2016-01-05,2016,NA,NA,NA,28,800,799,NA,NA,NA,NA,NA,NA,NA,FALSE,FALSE,NA,NA,FALSE,FALSE,NA,NA,NA,NA,NA,NA,NA,NA,NA,NA,0,FALSE,NA,NA,NA,NA,NA
NCT01840865,ClinicalTrials.gov,TRUE,2,No publ,FALSE,TRUE,TRUE,TRUE,TRUE,Berlin,NA,large,Other,Interventional,Device,NA,22,Completed,Triple,Randomized,TRUE,FALSE,TRUE,FALSE,2013-04-18,2013-10-01,2015-01-01,2015,2015-01-01,2015,NA,NA,NA,166,623,623,NA,NA,NA,NA,NA,NA,NA,FALSE,FALSE,NA,NA,FALSE,FALSE,NA,NA,NA,NA,NA,NA,NA,NA,NA,NA,0,FALSE,NA,NA,NA,NA,NA
NCT01836588,ClinicalTrials.gov,TRUE,2,No publ,FALSE,TRUE,TRUE,TRUE,TRUE,Berlin,NA,large,Other,Interventional,Procedure,NA,300,Unknown status,None (Open Label),Randomized,TRUE,FALSE,TRUE,FALSE,2013-03-13,2013-03-01,2014-04-01,2014,2014-04-01,2014,NA,NA,NA,-12,384,384,NA,NA,NA,NA,NA,NA,NA,FALSE,FALSE,NA,NA,FALSE,FALSE,NA,NA,NA,NA,NA,NA,NA,NA,NA,NA,0,FALSE,NA,NA,NA,NA,NA
NCT01832740,ClinicalTrials.gov,TRUE,2,No publ,FALSE,TRUE,TRUE,TRUE,TRUE,Berlin,NA,large,Other,Interventional,Device,NA,22,Completed,Triple,Randomized,TRUE,FALSE,FALSE,FALSE,2013-03-08,2013-01-01,2015-01-01,2015,2015-01-01,2015,NA,NA,NA,-66,664,664,NA,NA,NA,NA,NA,NA,NA,FALSE,FALSE,NA,NA,FALSE,FALSE,NA,NA,NA,NA,NA,NA,NA,NA,NA,NA,0,FALSE,NA,NA,NA,NA,NA
NCT01815528,ClinicalTrials.gov,TRUE,2,No publ,FALSE,TRUE,TRUE,TRUE,TRUE,Berlin,NA,large,Other,Interventional,Drug,Phase 2,2,Completed,None (Open Label),Non-Randomized,FALSE,FALSE,TRUE,FALSE,2013-03-14,2013-03-01,2014-02-01,2014,2014-02-01,2014,NA,NA,NA,-13,324,324,NA,NA,NA,NA,NA,NA,NA,FALSE,FALSE,NA,NA,FALSE,FALSE,NA,NA,NA,NA,NA,NA,NA,NA,NA,NA,0,FALSE,NA,NA,NA,NA,NA
NCT01801787,ClinicalTrials.gov,TRUE,2,No publ,FALSE,TRUE,TRUE,TRUE,TRUE,Berlin,NA,large,Other,Interventional,Device,NA,30,Completed,Triple,Randomized,TRUE,TRUE,TRUE,FALSE,2013-02-26,2013-03-01,2015-12-01,2015,2015-12-01,2015,NA,NA,NA,3,1008,1008,NA,NA,NA,NA,NA,NA,NA,FALSE,FALSE,NA,NA,FALSE,FALSE,NA,NA,NA,NA,NA,NA,NA,NA,NA,NA,0,FALSE,NA,NA,NA,NA,NA
NCT01625572,ClinicalTrials.gov,TRUE,2,No publ,FALSE,TRUE,TRUE,TRUE,TRUE,Berlin,NA,large,Other,Interventional,Procedure,NA,66,Completed,None (Open Label),Randomized,TRUE,FALSE,TRUE,FALSE,2012-06-19,2012-07-01,2015-12-01,2015,2015-07-01,2015,NA,NA,NA,12,1260,1107,NA,NA,NA,NA,NA,NA,NA,FALSE,FALSE,NA,NA,FALSE,FALSE,NA,NA,NA,NA,NA,NA,NA,NA,NA,NA,0,FALSE,NA,NA,NA,NA,NA
NCT01523938,ClinicalTrials.gov,TRUE,2,No publ,FALSE,TRUE,TRUE,TRUE,TRUE,Berlin,NA,large,Other,Interventional,Behavioral,NA,72,Terminated,None (Open Label),Randomized,TRUE,FALSE,TRUE,FALSE,2012-01-30,2012-03-01,2016-07-01,2016,2014-04-01,2014,NA,NA,NA,31,1614,792,NA,NA,NA,NA,NA,NA,NA,FALSE,FALSE,NA,NA,FALSE,FALSE,NA,NA,NA,NA,NA,NA,NA,NA,NA,NA,0,FALSE,NA,NA,NA,NA,NA
NCT01466465,ClinicalTrials.gov,TRUE,2,No publ,FALSE,TRUE,TRUE,TRUE,TRUE,Berlin,NA,large,Other,Interventional,Drug,Phase 2,35,Completed,Double,Randomized,TRUE,FALSE,FALSE,FALSE,2011-11-01,2011-10-01,2015-01-01,2015,2015-01-01,2015,NA,NA,NA,-31,1157,1157,NA,NA,NA,NA,NA,NA,NA,FALSE,FALSE,NA,NA,FALSE,FALSE,NA,NA,NA,NA,NA,NA,NA,NA,NA,NA,1,FALSE,NA,NA,NA,NA,NA
NCT01456702,ClinicalTrials.gov,TRUE,2,No publ,FALSE,TRUE,TRUE,TRUE,TRUE,Berlin,NA,large,Other,Interventional,Procedure,NA,300,Unknown status,None (Open Label),Randomized,TRUE,FALSE,TRUE,FALSE,2011-09-29,2014-10-01,2016-03-01,2016,2015-12-01,2015,NA,NA,NA,1098,1615,1524,NA,NA,NA,NA,NA,NA,NA,FALSE,FALSE,NA,NA,FALSE,FALSE,NA,NA,NA,NA,NA,NA,NA,NA,NA,NA,0,FALSE,NA,NA,NA,NA,NA
NCT01413243,ClinicalTrials.gov,TRUE,2,No publ,FALSE,TRUE,TRUE,TRUE,TRUE,Berlin,NA,large,Other,Interventional,Drug,Phase 2,50,Terminated,Double,Randomized,TRUE,FALSE,TRUE,FALSE,2011-08-08,2012-09-01,2017-06-01,2017,2016-12-01,2016,NA,NA,NA,390,2124,1942,NA,NA,NA,NA,NA,NA,NA,FALSE,FALSE,NA,NA,FALSE,FALSE,NA,NA,NA,NA,NA,NA,NA,NA,NA,NA,0,FALSE,NA,NA,NA,NA,NA
NCT01370044,ClinicalTrials.gov,TRUE,2,No publ,FALSE,TRUE,TRUE,TRUE,TRUE,Berlin,NA,large,Other,Interventional,Drug,Phase 2/Phase 3,96,Terminated,Double,Randomized,TRUE,FALSE,TRUE,FALSE,2011-05-20,2012-08-01,2015-06-01,2015,2015-06-01,2015,NA,NA,NA,439,1473,1473,NA,NA,NA,NA,NA,NA,NA,FALSE,FALSE,NA,NA,FALSE,FALSE,NA,NA,NA,NA,NA,NA,NA,NA,NA,NA,0,FALSE,NA,NA,NA,NA,NA
NCT01357681,ClinicalTrials.gov,TRUE,2,No publ,FALSE,TRUE,TRUE,TRUE,TRUE,Berlin,NA,large,Other,Interventional,Drug,Phase 2,54,Completed,Quadruple,Randomized,TRUE,TRUE,TRUE,FALSE,2011-05-19,2011-09-01,2015-05-01,2015,2015-05-01,2015,NA,NA,NA,105,1443,1443,NA,NA,NA,NA,NA,NA,NA,FALSE,FALSE,NA,NA,FALSE,FALSE,NA,NA,NA,NA,NA,NA,NA,NA,NA,NA,1,FALSE,NA,NA,NA,NA,NA
NCT01263977,ClinicalTrials.gov,TRUE,2,No publ,FALSE,TRUE,TRUE,TRUE,TRUE,Berlin,NA,large,Other,Interventional,Device,NA,60,Completed,None (Open Label),Randomized,TRUE,FALSE,TRUE,FALSE,2010-12-20,2010-12-01,2014-05-01,2014,2014-05-01,2014,NA,NA,NA,-19,1228,1228,NA,NA,NA,NA,NA,NA,NA,FALSE,FALSE,NA,NA,FALSE,FALSE,NA,NA,NA,NA,NA,NA,NA,NA,NA,NA,0,FALSE,NA,NA,NA,NA,NA
NCT01259830,ClinicalTrials.gov,TRUE,2,No publ,FALSE,TRUE,TRUE,TRUE,TRUE,Berlin,NA,large,Other,Interventional,Drug,Phase 4,81,Terminated,Quadruple,Randomized,TRUE,TRUE,TRUE,FALSE,2010-12-13,2011-03-01,2014-04-01,2014,2014-04-01,2014,NA,NA,NA,78,1205,1205,NA,NA,NA,NA,NA,NA,NA,FALSE,FALSE,NA,NA,FALSE,FALSE,NA,NA,NA,NA,NA,NA,NA,NA,NA,NA,0,FALSE,NA,NA,NA,NA,NA
NCT01258257,ClinicalTrials.gov,TRUE,2,No publ,FALSE,TRUE,TRUE,TRUE,TRUE,Berlin,NA,large,Other,Interventional,Procedure,Phase 3,300,Completed,Single,Randomized,TRUE,FALSE,TRUE,FALSE,2010-12-09,2011-01-01,2016-09-01,2016,2016-08-01,2016,NA,NA,NA,23,2093,2062,NA,NA,NA,NA,NA,NA,NA,FALSE,FALSE,NA,NA,FALSE,FALSE,NA,NA,NA,NA,NA,NA,NA,NA,NA,NA,0,FALSE,NA,NA,NA,NA,NA
NCT01219231,ClinicalTrials.gov,TRUE,2,No publ,FALSE,TRUE,TRUE,TRUE,TRUE,Berlin,NA,large,Other,Interventional,Behavioral,Phase 4,46,Completed,Quadruple,Randomized,TRUE,FALSE,FALSE,FALSE,2010-10-12,2010-08-01,2015-01-01,2015,2015-01-01,2015,NA,NA,NA,-72,1542,1542,NA,NA,NA,NA,NA,NA,NA,FALSE,FALSE,NA,NA,FALSE,FALSE,NA,NA,NA,NA,NA,NA,NA,NA,NA,NA,0,FALSE,NA,NA,NA,NA,NA
NCT01184430,ClinicalTrials.gov,TRUE,2,No publ,FALSE,TRUE,TRUE,TRUE,TRUE,Berlin,NA,large,Other,Interventional,Device,NA,40,Unknown status,None (Open Label),Randomized,TRUE,FALSE,TRUE,FALSE,2010-08-17,2013-08-01,2014-12-01,2014,2014-03-01,2014,NA,NA,NA,1080,1567,1292,NA,NA,NA,NA,NA,NA,NA,FALSE,FALSE,NA,NA,FALSE,FALSE,NA,NA,NA,NA,NA,NA,NA,NA,NA,NA,0,FALSE,NA,NA,NA,NA,NA
NCT01006577,ClinicalTrials.gov,TRUE,2,No publ,FALSE,TRUE,TRUE,TRUE,TRUE,Berlin,NA,large,Other,Interventional,Procedure,NA,306,Unknown status,Double,Randomized,TRUE,FALSE,TRUE,FALSE,2009-10-19,2010-06-01,2015-10-01,2015,2015-07-01,2015,NA,NA,NA,225,2173,2081,NA,NA,NA,NA,NA,NA,NA,FALSE,FALSE,NA,NA,FALSE,FALSE,NA,NA,NA,NA,NA,NA,NA,NA,NA,NA,0,FALSE,NA,NA,NA,NA,NA
NCT00951834,ClinicalTrials.gov,TRUE,2,No publ,FALSE,TRUE,TRUE,TRUE,TRUE,Berlin,NA,large,Other,Interventional,Drug,Phase 2/Phase 3,21,Completed,Quadruple,Randomized,TRUE,TRUE,TRUE,FALSE,2009-08-03,2009-10-01,2015-02-01,2015,2015-02-01,2015,NA,NA,NA,59,2008,2008,NA,NA,NA,NA,NA,NA,NA,FALSE,FALSE,NA,NA,FALSE,FALSE,NA,NA,NA,NA,NA,NA,NA,NA,NA,NA,0,FALSE,NA,NA,NA,NA,NA
NCT00799890,ClinicalTrials.gov,TRUE,2,No publ,FALSE,TRUE,TRUE,TRUE,TRUE,Berlin,NA,large,Other,Interventional,Drug,Phase 2/Phase 3,61,Completed,Double,Randomized,TRUE,FALSE,TRUE,FALSE,2008-11-28,2009-05-01,2016-03-01,2016,2016-03-01,2016,NA,NA,NA,154,2650,2650,NA,NA,NA,NA,NA,NA,NA,FALSE,FALSE,NA,NA,FALSE,FALSE,NA,NA,NA,NA,NA,NA,NA,NA,NA,NA,0,FALSE,NA,NA,NA,NA,NA
NCT02421172,ClinicalTrials.gov,TRUE,2,No publ,FALSE,TRUE,TRUE,TRUE,TRUE,Berlin,NA,large,Industry,Interventional,Biological,Phase 2,66,Completed,Double,Randomized,TRUE,TRUE,TRUE,TRUE,2015-03-18,2015-04-13,2016-11-23,2016,2016-11-23,2016,2017-11-21,363,363,26,616,616,NA,NA,NA,NA,NA,NA,NA,FALSE,FALSE,NA,NA,FALSE,FALSE,NA,NA,NA,NA,NA,NA,NA,NA,NA,NA,0,FALSE,NA,NA,NA,NA,NA
NCT00996229,ClinicalTrials.gov,TRUE,2,No publ,TRUE,TRUE,TRUE,TRUE,TRUE,Berlin,NA,large,Other,Interventional,Behavioral,Phase 3,300,Unknown status,Single,Randomized,TRUE,FALSE,TRUE,FALSE,2009-10-14,2009-11-01,2014-02-01,2014,2013-12-01,2013,NA,NA,NA,18,1571,1509,NA,NA,NA,NA,NA,NA,NA,FALSE,FALSE,NA,NA,FALSE,FALSE,NA,NA,NA,NA,NA,NA,NA,NA,NA,NA,0,FALSE,NA,NA,NA,NA,NA
NCT02632292,ClinicalTrials.gov,TRUE,2,No publ,FALSE,TRUE,TRUE,TRUE,TRUE,Schleswig-Holstein Berlin,NA,large,Other,Interventional,Device,NA,33,Terminated,Single,Randomized,TRUE,FALSE,TRUE,FALSE,2015-12-03,2016-01-01,2017-01-03,2017,2017-01-03,2017,NA,NA,NA,29,397,397,NA,NA,NA,NA,NA,NA,NA,FALSE,FALSE,NA,NA,FALSE,FALSE,NA,NA,NA,NA,NA,NA,NA,NA,NA,NA,0,FALSE,NA,NA,NA,NA,NA
DRKS00005219,DRKS,TRUE,2,No publ,FALSE,TRUE,TRUE,TRUE,TRUE,Berlin,NA,large,Other,Interventional,Not given,NA,48,"Recruiting complete, follow-up complete",Blinded,Randomized controlled trial,TRUE,FALSE,FALSE,FALSE,2014-02-17,2013-08-09,2014-03-31,2014,NA,NA,NA,NA,NA,-192,42,NA,NA,NA,NA,NA,NA,NA,NA,FALSE,FALSE,NA,NA,FALSE,FALSE,NA,NA,NA,NA,NA,NA,NA,NA,NA,NA,1,FALSE,NA,NA,NA,NA,NA
DRKS00009546,DRKS,TRUE,2,No publ,FALSE,TRUE,TRUE,TRUE,TRUE,Berlin,NA,large,Other,Interventional,Not given,NA,60,"Recruiting complete, follow-up complete",Open (masking not used),Single arm study,FALSE,FALSE,FALSE,FALSE,2015-11-09,2015-04-20,2016-03-26,2016,NA,NA,NA,NA,NA,-203,138,NA,NA,NA,NA,NA,NA,NA,NA,FALSE,FALSE,NA,NA,FALSE,FALSE,NA,NA,NA,NA,NA,NA,NA,NA,NA,NA,0,FALSE,NA,NA,NA,NA,NA
DRKS00011552,DRKS,TRUE,2,No publ,FALSE,TRUE,TRUE,TRUE,TRUE,Berlin,NA,large,Other,Interventional,Not given,I,30,"Recruiting complete, follow-up complete",Open (masking not used),Single arm study,FALSE,TRUE,TRUE,FALSE,2017-01-23,2017-01-03,2017-05-19,2017,NA,NA,NA,NA,NA,-20,116,NA,NA,NA,NA,NA,NA,NA,NA,FALSE,FALSE,NA,NA,FALSE,FALSE,NA,NA,NA,NA,NA,NA,NA,NA,NA,NA,0,FALSE,NA,NA,NA,NA,NA
DRKS00011584,DRKS,TRUE,2,No publ,FALSE,TRUE,TRUE,TRUE,TRUE,Berlin,NA,large,Other,Interventional,Not given,I,16,"Recruiting complete, follow-up complete",Open (masking not used),Other,FALSE,FALSE,TRUE,TRUE,2017-02-20,2017-03-28,2017-10-31,2017,NA,NA,NA,NA,NA,36,253,NA,NA,NA,NA,NA,NA,NA,NA,FALSE,FALSE,NA,NA,FALSE,FALSE,NA,NA,NA,NA,NA,NA,NA,NA,NA,NA,0,FALSE,NA,NA,NA,NA,NA
DRKS00012665,DRKS,TRUE,2,No publ,FALSE,TRUE,TRUE,TRUE,TRUE,Berlin,NA,large,Other,Interventional,Not given,NA,50,"Recruiting complete, follow-up complete",Open (masking not used),Randomized controlled trial,TRUE,FALSE,FALSE,FALSE,2017-09-06,2017-08-21,2017-09-15,2017,NA,NA,NA,NA,NA,-16,9,NA,NA,NA,NA,NA,NA,NA,NA,FALSE,FALSE,NA,NA,FALSE,FALSE,NA,NA,NA,NA,NA,NA,NA,NA,NA,NA,0,FALSE,NA,NA,NA,NA,NA
